search_term;cluster;clicks;impressions;cost_rsd;conversions;flag_neg;flag_out_of_offer
industrijski podovi;industrijski;320;2157;6615;1;0;0
pvc podovi;pvc-plastika;263;1765;5468;0;0;0
industrijski podovi cena po m2;industrijski;181;758;4128;0;0;0
podovi za garaze;garaza-servis;166;649;3629;0;0;0
pod za garazu;garaza-servis;130;653;2833;0;0;0
podne obloge za terasu;terasa-balkon;156;582;2696;0;0;0
podovi za radionice;radionice;124;531;2495;0;0;0
industriski podovi;industrijski;81;365;1698;0;0;0
industrijski pod;industrijski;91;582;1603;0;0;0
pvc podovi cena;pvc-plastika;71;403;1533;0;0;0
pvc podovi za terase cena;terasa-balkon;69;329;1422;0;0;0
podovi za terase;terasa-balkon;69;360;1237;0;0;0
industrijski pvc podovi cena;industrijski;46;182;1132;1;0;0
pvc podne obloge;pvc-plastika;56;294;1132;0;0;0
pvc podne obloge cena;pvc-plastika;51;163;1083;0;0;0
pvc pod;pvc-plastika;47;453;988;0;0;0
industrijski podovi cena;industrijski;49;204;935;0;0;0
epoksi podovi;epoksid-conquest;41;472;897;0;1;0
pvc podovi za garaze cena;garaza-servis;41;130;897;0;0;0
antistatik podovi;antistatik-esd;37;231;875;0;0;0
gumeni podovi za terase cena;terasa-balkon;48;204;867;0;0;0
podne obloge;ostalo;47;331;856;0;0;0
pod za radionice;radionice;37;163;855;0;0;0
antistatik pod;antistatik-esd;27;191;834;0;0;0
podovi;ostalo;34;545;751;0;0;0
pod za radionicu;radionice;36;166;712;0;0;0
podloga za garazu;garaza-servis;31;136;676;0;0;0
vinil ploče za pod;lvt-vinil-parket;31;151;673;0;0;0
pvc podovi za radionice;radionice;32;160;648;0;0;0
reciklirana guma za podove cena;gumeni-podovi;29;125;635;0;0;0
podovi za radionice cena;radionice;30;116;629;0;0;0
epoxidni podovi;epoksid-conquest;27;207;620;0;1;0
podloge za terasu;terasa-balkon;35;182;580;0;0;0
podloga za terasu;terasa-balkon;29;175;572;0;0;0
samolepljivi podovi;ostalo;26;117;570;0;0;0
podne obloge za garazu;garaza-servis;26;112;563;0;0;0
vinil podovi;lvt-vinil-parket;20;149;548;0;0;0
podovi za garazu;garaza-servis;24;81;529;0;0;0
podovi za hale;industrijski;18;47;524;0;0;0
gumeni podovi za radionice;radionice;22;138;514;0;0;0
vinilni podovi;lvt-vinil-parket;23;180;501;0;0;0
deking cena;ostalo;6;37;495;0;0;1
linoleum;lvt-vinil-parket;22;276;483;0;0;0
industrijski pod cena;industrijski;21;98;478;0;0;0
plastični podovi;pvc-plastika;22;121;476;0;0;0
pvc pod za garazu;garaza-servis;20;92;433;0;0;0
podloge za garazu;garaza-servis;20;66;431;0;0;0
gumeni podovi za garaze cena;garaza-servis;19;80;430;0;0;0
industrijski linoleum;industrijski;20;51;422;0;0;0
gumene podloge za terasu;terasa-balkon;25;96;412;0;0;0
plasticni podovi;pvc-plastika;23;163;411;0;0;0
gumeni podovi za radionice cena;radionice;13;71;401;0;0;0
gume za podove;ostalo;18;78;401;0;0;0
pvc plocice za pod;pvc-plastika;18;59;395;0;0;1
uradi sam novi beograd;ostalo;3;6;388;0;0;0
podne obloge za terase jysk;konkurenti;15;129;384;0;1;0
pod za garaze;garaza-servis;18;83;382;0;0;0
pvc podovi za terase;terasa-balkon;20;121;379;0;0;0
pvc ploce za pod;pvc-plastika;17;79;372;0;0;0
garazni podovi;garaza-servis;17;60;368;0;0;0
pvc podovi za garaze;garaza-servis;19;71;365;0;0;0
podovi za garaže;garaza-servis;19;73;363;0;0;0
podne obloge za terase;terasa-balkon;22;92;352;1;0;0
pod za terasu;terasa-balkon;20;151;336;0;0;0
uradi sam near me;ostalo;1;1;301;0;0;0
podne obloge za dvoriste;dvoriste-basta;17;97;298;0;0;0
podovi za radionice kupujemprodajem;konkurenti;15;73;294;0;1;0
deking za terase;terasa-balkon;8;95;289;0;0;1
plasticni podovi za garaze;garaza-servis;13;44;285;0;0;0
modularni podovi;ostalo;13;130;280;0;0;0
industrijski podovi jagodina;industrijski;14;116;280;0;0;0
epoksidna smola za beton cena;epoksid-conquest;11;35;277;0;1;0
industrijski podovi beograd;industrijski;4;14;272;0;0;0
plasticni pod za garazu;garaza-servis;12;55;266;0;0;0
plasticni pod;pvc-plastika;12;64;266;0;0;0
plasticne plocice za garazu;garaza-servis;12;38;263;0;0;1
industrijska guma za podove;industrijski;11;42;251;0;0;0
podna obloga za terasu;terasa-balkon;16;77;248;0;0;0
sika industrijski podovi;konkurenti;12;74;247;0;1;0
podovi za garaze cena;garaza-servis;11;48;242;0;0;0
epoxy pod;epoksid-conquest;11;115;241;0;1;0
pod za garažu;garaza-servis;11;77;239;0;0;0
pvc industrijski podovi;industrijski;12;60;239;0;0;0
podovi od epoksi smole;epoksid-conquest;10;122;226;0;1;0
plocice za terasu;terasa-balkon;16;91;221;0;0;1
pvc ploče za pod;pvc-plastika;10;51;220;0;0;0
antistatik pod cena;antistatik-esd;9;48;216;0;0;0
podne obloge za terasu cena;terasa-balkon;13;37;212;0;0;0
jysk vestacka trava za terasu;konkurenti;3;21;212;0;1;0
podovi za ordinacije;ostalo;10;64;208;0;0;0
podloga za garaze;garaza-servis;10;23;202;0;0;0
plocice za radionicu;radionice;9;34;201;0;0;1
vinil;lvt-vinil-parket;10;69;201;0;0;0
podne obloge za radionice;radionice;9;39;200;0;0;0
spoljne podne obloge;ostalo;14;68;200;0;0;0
podne pvc obloge;pvc-plastika;9;51;197;0;0;0
industrijske podne obloge;industrijski;9;29;196;0;0;0
poliuretanski pod;epoksid-conquest;9;56;196;0;1;0
kameni podovi za terase;terasa-balkon;2;6;195;0;0;1
plastični podovi za terase;terasa-balkon;10;37;195;0;0;0
industrijski pvc podovi;industrijski;9;44;189;0;0;0
decking ograda;ostalo;1;1;186;0;0;0
industrijski podovi novi sad;industrijski;5;32;183;0;0;0
gumeni podovi cena;gumeni-podovi;8;50;182;0;0;0
linoleum za terase;terasa-balkon;1;2;181;0;0;0
industriski pod;industrijski;9;58;177;0;0;0
podovi za auto servise;garaza-servis;8;24;176;0;0;0
epoksi pod cena;epoksid-conquest;8;43;176;0;1;0
podovi za garažu;garaza-servis;8;32;176;0;0;0
pvc podne obloge za garazu;garaza-servis;8;20;176;0;0;0
industrijski gumeni podovi;industrijski;8;31;176;0;0;0
topli pod cena;ostalo;8;81;175;0;1;1
gumene obloge za podove;gumeni-podovi;8;34;175;0;0;0
podovi za kancelarije;ostalo;8;44;175;0;0;0
gumena podloga za garazu;garaza-servis;8;30;175;0;0;0
industrijski podovi u kući;industrijski;9;24;173;0;0;0
pvc pod cena;pvc-plastika;8;45;172;0;0;0
epoksidni podovi za terase;epoksid-conquest;10;30;171;0;1;0
podloga za garaže;garaza-servis;8;27;171;0;0;0
podovi za terasu;terasa-balkon;10;44;169;0;0;0
gumene plocice za garazu;garaza-servis;8;35;163;0;0;1
drveni pod za terasu;terasa-balkon;5;8;162;0;0;1
gumene podloge za garazu;garaza-servis;7;30;158;0;0;0
epoksid podovi;epoksid-conquest;7;48;158;0;1;0
rinol industrijski podovi;konkurenti;8;37;157;0;1;0
ibotac podovi;konkurenti;9;49;156;0;1;0
deking za terasu;terasa-balkon;9;67;154;0;0;1
ploce za podove;ostalo;7;39;154;0;0;0
pod od epoksi smole;epoksid-conquest;7;72;154;0;1;0
tarkett pvc podovi;konkurenti;7;31;154;0;1;0
pvc podovi za garaže;garaza-servis;7;45;153;0;0;0
kompozitni podovi;ostalo;7;113;153;0;0;0
pvc obloge za pod;pvc-plastika;7;43;153;0;0;0
wpc deking cena;ostalo;1;6;152;0;0;1
industrijski laminat;industrijski;7;34;150;0;0;1
plastične pločice za pod;pvc-plastika;7;24;150;0;0;1
pvc podloge za terase;terasa-balkon;7;33;149;0;0;0
podne plocice za radionice;radionice;7;13;149;0;0;1
plastična podloga za pod;pvc-plastika;7;35;147;0;0;0
pvc podloga za pod;pvc-plastika;7;66;144;0;0;0
gumene ploce za garazu;garaza-servis;6;28;143;0;0;0
vinil za podove;lvt-vinil-parket;6;48;136;0;0;0
industrijski podovi cijena po m2;industrijski;5;35;135;0;0;0
pvc podovi novi sad;pvc-plastika;7;45;135;0;0;0
lvp podovi;ostalo;6;37;132;0;0;0
епоксидни подови;ostalo;6;15;132;0;0;0
epoksi podovi za garaze;epoksid-conquest;6;29;132;0;1;0
tecni podovi;ostalo;6;40;132;0;1;0
linoleum za garaze;garaza-servis;6;20;132;0;0;0
plasticne kocke za garazu;garaza-servis;6;27;132;0;0;0
podovi za poslovne prostore;ostalo;6;23;132;0;0;0
obloge za terasu;terasa-balkon;9;51;132;0;0;0
epoxy za podove;epoksid-conquest;6;30;132;0;1;0
garažni podovi;garaza-servis;7;38;131;0;0;0
pvc podovi beograd;pvc-plastika;6;26;131;0;0;0
podloge za radionice;radionice;6;23;131;0;0;0
epoksidni pod;epoksid-conquest;6;100;129;0;1;0
ikea deking;ostalo;4;12;127;0;0;1
plastificirani podovi;ostalo;6;29;125;0;0;0
podovi za kucu;ostalo;6;47;122;0;0;0
spoljasnje podne obloge;ostalo;6;13;120;0;0;0
pvc pod za radionice;radionice;3;8;116;0;0;0
pod od epoksidne smole;epoksid-conquest;6;37;116;0;1;0
podna obloga;ostalo;4;13;115;0;0;0
podloge za terase;terasa-balkon;7;26;114;0;0;0
plastične podne obloge;pvc-plastika;4;28;111;0;0;0
plasticne daske za terasu;terasa-balkon;2;3;111;0;0;0
ploce za garazu;garaza-servis;5;29;111;0;0;0
epoksidni podovi cena;epoksid-conquest;4;17;111;0;1;0
pvc za podove;pvc-plastika;5;36;110;0;0;0
epoxidni podovi cena;epoksid-conquest;5;44;110;0;1;0
epoksidne smole za podove;epoksid-conquest;5;14;110;0;1;0
guma za radionice;radionice;5;34;110;0;0;0
guma za podove cena;gumeni-podovi;5;19;110;0;0;0
pvc antistatik pod cena;antistatik-esd;5;22;109;0;0;0
gume za pod;ostalo;5;28;108;0;0;0
za terase podovi;terasa-balkon;6;9;106;0;0;0
podovi za restorane;ostalo;5;43;106;0;0;0
epoksidni podovi cena po m2;epoksid-conquest;4;27;105;0;1;0
lvt pod;lvt-vinil-parket;6;43;104;0;0;0
pvc podna obloga;pvc-plastika;5;25;104;0;0;0
obloge za terase;terasa-balkon;7;15;103;0;0;0
trava za terasu;fudbal-trava;5;20;102;0;0;0
pvc ploce za podove;pvc-plastika;5;23;102;0;0;0
uradi sam konjarnik;stale-konji;1;2;100;0;0;0
podloge za pod;ostalo;5;23;99;0;0;0
industrijski podovi za garaže;industrijski;8;37;99;0;0;0
podovi za kafice;ostalo;4;11;98;0;0;0
industrijski vinil podovi;industrijski;2;4;98;0;0;0
topli pod;ostalo;5;73;97;0;1;1
epoxy pod za garazu;epoksid-conquest;5;49;97;0;1;0
podloga za radionicu;radionice;4;7;96;0;0;0
podloge za terase i balkone;terasa-balkon;7;39;96;0;0;0
pvc daske za terasu;terasa-balkon;5;13;95;0;0;0
poliuretanski podovi za terase;epoksid-conquest;6;11;95;0;1;0
pod za garaže;garaza-servis;4;15;95;0;0;0
samolepljive podne obloge;ostalo;5;33;95;0;0;0
pvc podloge za pod;pvc-plastika;4;43;94;0;0;0
tarkett podovi;konkurenti;5;43;93;0;1;0
podloge za dvoriste;dvoriste-basta;6;18;91;0;0;0
cena epoksidnih podova;epoksid-conquest;4;43;91;1;1;0
plasticne podloge za podove;pvc-plastika;4;27;90;0;0;0
podne plocice za terasu;terasa-balkon;6;74;90;0;0;1
podne obloge pvc;pvc-plastika;5;25;89;0;0;0
podovi od epoksidne smole cena;epoksid-conquest;4;21;88;0;1;0
industrial pvc flooring;industrijski;6;20;88;0;1;0
epoksi pod;epoksid-conquest;4;66;88;0;1;0
podne obloge za garažu;garaza-servis;4;13;88;0;0;0
gumene obloge za pod;gumeni-podovi;4;9;88;0;0;0
kocke za garazu;garaza-servis;4;35;88;0;0;0
pvc za pod;pvc-plastika;4;33;88;0;0;0
vinili podovi;lvt-vinil-parket;4;27;88;0;0;0
epoxy pod cena;epoksid-conquest;4;45;88;0;1;0
cena epoksidne smole za podove;epoksid-conquest;4;20;88;0;1;0
sportski podovi;sport-ostalo;4;20;88;0;0;0
vinil podloge;lvt-vinil-parket;4;32;87;0;0;0
pvc kocke za pod;pvc-plastika;4;23;87;0;0;0
industrijskih podovi;industrijski;4;16;87;0;0;0
podovi za garaze kupujemprodajem;konkurenti;4;17;87;0;1;0
pvc podne obloge za terase;terasa-balkon;5;33;87;0;0;0
gumene podloge za radionice;radionice;4;16;86;0;0;0
pod za garazu cena;garaza-servis;4;24;86;0;0;0
teron podna obloga;konkurenti;6;17;85;0;1;0
vinil za pod;lvt-vinil-parket;4;50;84;0;0;0
ploče za podove;ostalo;4;22;84;0;0;0
industrijski podovi za stanove;industrijski;3;8;84;0;0;0
vinil podne obloge;lvt-vinil-parket;4;35;83;0;0;0
obloge za pod;ostalo;4;10;83;0;0;0
bimeco podovi cena;konkurenti;4;15;82;0;1;0
podne ploče za terasu;terasa-balkon;4;7;82;0;0;0
deking za terase cena;terasa-balkon;3;25;80;0;0;1
sika epoksidni podovi cena;konkurenti;3;17;80;0;1;0
podne plocice za terasu cena;terasa-balkon;4;18;78;0;0;1
pvc samolepljive podne obloge;pvc-plastika;4;16;78;0;0;0
plasticne podloge za terase;terasa-balkon;4;24;77;0;0;0
drvene podloge za terasu;terasa-balkon;5;29;77;0;0;1
epoksidni podovi;epoksid-conquest;3;34;76;0;1;0
trava za terasu cena;fudbal-trava;1;2;76;0;0;0
plastične daske za terasu;terasa-balkon;4;15;75;0;0;0
spc podovi;ostalo;4;63;74;0;0;0
pvc pod za terase;terasa-balkon;3;15;74;0;0;0
pod u garazi;garaza-servis;2;33;72;0;0;0
podovi za hale cena;industrijski;2;10;71;0;0;0
podna obloga za garazu;garaza-servis;3;22;70;0;0;0
epoxy podovi za terase;epoksid-conquest;4;9;70;0;1;0
deking za terasu cena;terasa-balkon;2;7;70;0;0;1
plastične podloge za pod;pvc-plastika;3;25;68;0;0;0
epoxi podovi;epoksid-conquest;3;36;68;0;1;0
podovi cena;ostalo;3;23;67;0;0;0
vinil podovi za terase;terasa-balkon;4;24;67;0;0;0
ploce za terasu;terasa-balkon;4;18;67;0;0;0
pvc podne ploce;pvc-plastika;3;10;66;0;0;0
gumeni podovi;gumeni-podovi;3;12;66;0;0;0
izrada industrijskih podova;industrijski;3;6;66;0;0;0
materijal za podove;ostalo;3;19;66;0;0;0
epoksidna masa za podove;epoksid-conquest;3;14;66;0;1;0
plastična masa za podove;pvc-plastika;3;15;66;0;0;0
izlivanje podova;ostalo;3;58;66;0;1;0
epoksi za podove;epoksid-conquest;3;23;66;0;1;0
epoksidni premaz za beton;epoksid-conquest;3;36;66;0;1;0
pvc brodski pod;pvc-plastika;3;10;66;0;0;0
epoksi pod za garazu;epoksid-conquest;3;21;66;0;1;0
plastika za podove;pvc-plastika;3;19;66;0;0;0
spoljni podovi;ostalo;3;7;66;0;0;0
madera podovi;ostalo;3;10;66;0;0;0
tri de podovi;ostalo;3;12;66;0;0;0
podovi vinil;lvt-vinil-parket;3;21;66;0;0;0
pvc podovi cene;pvc-plastika;3;8;66;0;0;0
elasticni podovi;ostalo;3;34;66;0;0;0
podovi od plastike;pvc-plastika;3;19;66;0;0;0
modularni podovi cena;ostalo;3;20;66;0;0;0
liveni betonski podovi;ostalo;3;9;65;0;1;0
antistatik podovi cena;antistatik-esd;3;33;65;0;0;0
podovi pvc;pvc-plastika;3;15;65;0;0;0
industrijski betonski podovi;industrijski;2;20;65;1;1;0
epoksidni pod cena;epoksid-conquest;3;24;65;0;1;0
puzzle podne obloge za garaže;garaza-servis;3;4;65;0;0;0
podna obloga za terase;terasa-balkon;3;7;64;0;0;0
samoljepljivi podovi;ostalo;3;4;64;0;0;0
plasticne podne obloge;pvc-plastika;3;9;64;0;0;0
poliuretan za podove;epoksid-conquest;3;13;64;0;1;0
vestacka trava;fudbal-trava;2;20;63;0;0;0
wpc deking;ostalo;3;72;63;0;0;1
podloga za bazen;bazen;2;23;62;0;0;0
novi podovi;ostalo;3;32;61;0;0;0
podloge za terasu ikea;terasa-balkon;4;7;60;0;0;0
podloga za terase;terasa-balkon;4;20;60;0;0;0
industrijski podovi srbija;industrijski;3;24;60;0;0;0
deking podovi za terase;terasa-balkon;3;16;59;0;0;1
podne podloge za terase;terasa-balkon;4;17;59;0;0;0
plasticne obloge za pod;pvc-plastika;3;26;58;0;0;0
gumene podloge za pod;gumeni-podovi;3;20;58;0;0;0
letvice za pod;ostalo;3;4;58;0;0;1
gumene podloge za dvoriste;dvoriste-basta;3;7;58;0;0;0
podne obloge za garaže;garaza-servis;3;6;57;0;0;0
drvene podne obloge za terasu;terasa-balkon;3;9;57;0;0;1
silikonski podovi;ostalo;2;8;56;0;0;0
gumeni pod cena;gumeni-podovi;2;4;56;0;0;0
epoksi podovi za terase;epoksid-conquest;3;14;55;0;1;0
industrijski beton;industrijski;3;23;55;0;1;0
commercial pvc flooring;pvc-plastika;3;3;55;0;1;0
ikea plocice za terasu;terasa-balkon;2;3;54;0;0;1
podne obloge terasa;terasa-balkon;3;6;54;0;0;0
deking ploce za terase cena;terasa-balkon;2;6;54;0;0;1
gumirani podovi;ostalo;2;11;53;0;0;0
cena dekinga po kvadratu;ostalo;2;8;53;0;0;1
gumeni podovi za garaze;garaza-servis;2;12;53;0;0;0
industrijski podovi za garaže cijena;industrijski;2;15;53;0;0;0
podovi za autoservise;garaza-servis;3;15;53;0;0;0
plasticni podovi za terase;terasa-balkon;2;8;52;0;0;0
podloga za bazene;bazen;1;2;52;0;0;0
poliuretan podovi;epoksid-conquest;2;27;52;0;1;0
izrada podova;ostalo;3;22;52;0;0;0
industrijski podovi za radionice;industrijski;3;11;51;0;0;0
plocice za terase ideje;terasa-balkon;2;1;51;0;0;1
poliesterski podovi;epoksid-conquest;2;9;50;0;0;0
deking ograde cena;ostalo;1;2;48;0;0;1
podna obloga za garažu;garaza-servis;2;5;48;0;0;0
plasticne plocice za terasu;terasa-balkon;3;10;48;0;0;1
baštenske podne obloge;dvoriste-basta;1;7;47;0;0;0
podne obloge za dvorista;dvoriste-basta;3;7;47;0;0;0
izrada epoksidnih podova;epoksid-conquest;2;19;47;0;1;0
garazni pod;garaza-servis;3;43;47;0;0;0
vinilis podovi;lvt-vinil-parket;2;29;46;0;0;0
marmoleum;ostalo;3;3;45;0;1;0
betonski podovi;ostalo;3;12;45;0;1;0
wpc deking podovi;ostalo;1;5;45;0;0;1
podovi za bolnice;ostalo;2;10;44;0;0;0
ibotac podovi cijena;konkurenti;2;3;44;0;1;0
epoksidni premaz cena;epoksid-conquest;2;5;44;0;1;0
pvc pločice za garažu;garaza-servis;2;3;44;0;0;1
vinil pvc podovi;lvt-vinil-parket;2;22;44;0;0;0
izrada epoxy podova;epoksid-conquest;2;11;44;0;1;0
sika podovi;konkurenti;2;11;44;0;1;0
prodaja podnih obloga;ostalo;2;6;44;0;0;0
izliveni podovi;ostalo;2;37;44;0;1;0
gumirane podloge za pod;ostalo;2;14;44;0;0;0
pvc podloge;pvc-plastika;2;18;44;0;0;0
vinyl podovi;lvt-vinil-parket;2;13;44;0;0;0
moderni podovi;ostalo;2;38;44;0;0;0
najnoviji podovi;ostalo;2;11;44;0;0;0
daske za pod terase;terasa-balkon;2;4;44;0;0;0
tepisi za terase cena;terasa-balkon;2;2;44;0;0;0
ecotile e500 7;ostalo;2;5;44;0;0;0
guma za garazu;garaza-servis;2;12;44;0;0;0
pvc topli pod;pvc-plastika;2;22;44;0;1;1
epoksidni premaz za beton cena;epoksid-conquest;2;15;44;0;1;0
cosic industry;ostalo;2;2;44;0;0;0
plasticne ploce za podove;pvc-plastika;2;9;44;0;0;0
obloga za terasu;terasa-balkon;3;16;44;0;0;0
gumene plocice;gumeni-podovi;2;21;44;0;0;1
plocice za radionice;radionice;2;20;44;0;0;1
cena epoxy podova;epoksid-conquest;2;35;44;0;1;0
podloge za garaže;garaza-servis;2;9;44;0;0;0
ecotile podovi;ostalo;2;13;44;0;0;0
industrijske podloge;industrijski;2;9;44;0;0;0
pvc podne obloge za kupatilo;pvc-plastika;2;12;44;0;0;0
smole za podove;ostalo;2;10;44;0;0;0
epoxy masa za podove;epoksid-conquest;2;6;44;0;1;0
винил подови;ostalo;2;12;44;0;0;0
pod pvc;pvc-plastika;2;9;44;0;0;0
gumeni pod za garazu cena;garaza-servis;2;10;44;0;0;0
pvc ploce za garazu;garaza-servis;2;7;44;0;0;0
cena epoksi podova;epoksid-conquest;2;22;43;0;1;0
podne obloge guma;gumeni-podovi;1;2;43;0;0;0
liveni podovi cena;ostalo;2;11;43;0;0;0
pvc podne plocice;pvc-plastika;2;9;43;0;0;1
kako izgleda industrijski pod;industrijski;2;6;43;0;0;0
podovi od vinila;lvt-vinil-parket;2;10;43;0;0;0
podovi industrijski;industrijski;2;8;43;0;0;0
podloge za dvorišta;dvoriste-basta;3;5;43;0;0;0
smola za podove;epoksid-conquest;2;20;43;0;1;0
gumene podloge za garažu;garaza-servis;2;5;43;0;0;0
cementni podovi;ostalo;2;7;42;0;0;0
plastične podne obloge za terase;terasa-balkon;3;10;42;0;0;0
podovi beograd;ostalo;2;17;42;0;0;0
plasticna podloga za terasu;terasa-balkon;2;8;42;0;0;0
gumeni podovi novi sad;gumeni-podovi;2;2;42;0;0;0
antistatički pod;antistatik-esd;2;3;42;0;0;0
podna obloga spolja;ostalo;3;13;41;0;0;0
antistaticki pod;antistatik-esd;2;8;41;0;0;0
podovi za terase i balkone;terasa-balkon;2;12;41;0;0;0
commercial flooring options;ostalo;6;14;41;0;1;0
podloge za podove;ostalo;2;5;41;0;0;0
bastenske podne obloge;dvoriste-basta;2;16;40;0;0;0
gumeni podovi za terase;terasa-balkon;2;14;40;0;0;0
vestacka trava za terasu;fudbal-trava;1;7;40;0;0;0
bastenski namestaj;dvoriste-basta;2;39;40;0;0;0
podloga za garažu;garaza-servis;2;19;39;0;0;0
gumena podloga za dvoriste;dvoriste-basta;3;8;39;0;0;0
pvc obloge za kuhinju;pvc-plastika;1;1;39;0;0;0
podne obloge za dvorište;dvoriste-basta;2;8;38;0;0;0
jonimpex smederevo;ostalo;2;4;38;0;0;0
podloga za bastu;dvoriste-basta;2;10;38;0;0;0
aquawood wpc;ostalo;1;1;38;0;0;0
sta staviti na terasu umesto plocica;terasa-balkon;2;8;38;0;0;0
bergo podloge;ostalo;2;8;37;0;0;0
industrijski podovi za terase;industrijski;2;6;37;0;0;0
jysk podovi za terase;konkurenti;2;2;37;0;1;0
podne obloge za baste;dvoriste-basta;3;9;37;0;0;0
plasticni laminat cena;lvt-vinil-parket;2;7;37;0;0;1
podovi za radione;radionice;2;8;36;0;0;0
podne obloge za terase pevex;konkurenti;2;6;36;0;0;1
deking dimenzije;ostalo;2;11;36;0;0;1
deking;ostalo;2;57;36;0;0;1
bergo podloga cena;ostalo;2;7;35;0;0;0
plastificirane podne obloge;ostalo;2;8;35;0;0;0
podovi za spoljne terase;terasa-balkon;3;26;35;0;0;0
exhibition flooring vinyl;lvt-vinil-parket;3;5;34;0;1;0
decking;ostalo;2;11;34;0;0;0
plastificirani podovi za terase;terasa-balkon;2;4;34;0;0;0
podloge za bazene;bazen;2;14;33;0;0;0
za terasu pod;terasa-balkon;2;8;33;0;0;0
deking novi sad;ostalo;2;15;32;0;0;1
bastenske podloge;dvoriste-basta;2;4;32;0;0;0
postavljanje epoxy podova;epoksid-conquest;2;9;32;0;1;0
wpc klik ploče;ostalo;2;6;31;0;0;0
izrada ferobetona;ostalo;2;16;31;0;1;0
pvc vinil podovi;lvt-vinil-parket;1;6;31;0;0;0
podne obloge oko bazena;bazen;2;7;31;0;0;0
pod za terase;terasa-balkon;2;25;31;0;0;0
tarkett;konkurenti;2;159;31;0;1;0
drvena podloga za terasu;terasa-balkon;2;13;31;0;0;1
plocice za terasu spoljne;terasa-balkon;2;6;31;0;0;1
deking terasa;terasa-balkon;1;8;31;0;0;1
vinil pod;lvt-vinil-parket;2;24;30;0;0;0
plasticni laminat;lvt-vinil-parket;2;3;30;0;0;1
ferobeton cena po m2;ostalo;1;2;30;0;1;0
betonski podovi za terase;terasa-balkon;2;1;30;0;1;0
fero beton;ostalo;1;6;30;0;0;0
industrijski podovi cene;industrijski;2;5;30;0;0;0
sta staviti na pod terase;terasa-balkon;2;11;30;0;0;0
ikea podovi za terasu;terasa-balkon;1;3;30;0;0;0
epoksidni premaz za terase;epoksid-conquest;2;3;29;0;1;0
gumeni tepih za terasu;terasa-balkon;1;4;29;0;0;0
galerija podova near me;konkurenti;5;91;29;0;1;0
liveni podovi od epoksi smola;epoksid-conquest;1;2;29;0;1;0
lvt vinil podovi;lvt-vinil-parket;1;2;29;0;0;0
topli podovi cena;ostalo;2;3;28;0;1;1
plasticne ploce za terase;terasa-balkon;2;10;28;0;0;0
podne obloge preko plocica;ostalo;2;2;28;0;0;0
podne obloge cena;ostalo;2;6;28;0;0;0
teraco za terase;terasa-balkon;2;1;28;0;0;1
podloge za dvorista;dvoriste-basta;2;11;28;0;0;0
podloga za dvoriste;dvoriste-basta;2;22;28;0;0;0
plasticni deking cena;pvc-plastika;1;6;27;0;0;1
deking podovi novi sad;ostalo;1;1;27;0;0;1
podne obloge za spolja;ostalo;2;5;27;0;0;0
bergo podovi cena;ostalo;1;3;27;0;0;0
dekking;ostalo;1;2;27;0;0;0
podne obloge za terasu lidl;konkurenti;2;6;27;0;0;0
podovi za bazene;bazen;2;5;27;0;0;0
epoxy smola za garazu;epoksid-conquest;1;2;27;0;1;0
outdoor flooring;ostalo;1;1;27;0;1;0
gumeni podovi za svinje;gumeni-podovi;1;1;26;0;0;0
plastične podloge za terase;terasa-balkon;2;1;26;0;0;0
podloga za oko bazena;bazen;1;6;26;0;0;0
spc vinil ploce;lvt-vinil-parket;1;2;26;0;0;0
podni vinil podovi;lvt-vinil-parket;1;2;26;0;0;0
ferobeton cena;ostalo;1;2;26;0;1;0
plocice za garazu cena;garaza-servis;1;3;26;0;0;1
uradi sam podovi za terase;terasa-balkon;1;4;25;0;0;0
pod za bastu;dvoriste-basta;2;4;25;0;0;0
fero beton cena;ostalo;1;7;25;0;0;0
oblaganje terase;terasa-balkon;1;9;25;0;0;0
plasticne daske za podove;pvc-plastika;2;10;25;0;0;0
drvene podloge za dvoriste;dvoriste-basta;1;3;25;0;0;1
ploče za terase;terasa-balkon;1;4;24;0;0;0
podovi za garaže cijena;garaza-servis;1;1;24;0;0;0
podloga za pod;ostalo;2;9;24;0;0;0
pločice za terase;terasa-balkon;1;6;24;0;0;1
pvc deking cena;pvc-plastika;2;1;24;0;0;1
vinil 2mm;lvt-vinil-parket;1;2;24;0;0;0
pvc plocice za terasu;terasa-balkon;1;4;24;0;0;1
epoxi pod;epoksid-conquest;2;34;24;0;1;0
podovi za dnevnu sobu cena;ostalo;1;2;24;0;0;0
epoksidna smola za podove cena;epoksid-conquest;1;3;24;0;1;0
commercial flooring vinyl;lvt-vinil-parket;2;1;24;0;1;0
deking cena po m2;ostalo;1;5;24;0;0;1
vinil podovi za kuhinje;lvt-vinil-parket;1;2;24;0;0;0
topli podovi;ostalo;1;23;24;0;1;1
montaza dekinga;ostalo;1;2;24;0;0;1
baštenski nameštaj;dvoriste-basta;1;11;23;0;0;0
pod od stakla;ostalo;2;316;23;0;1;0
pod u garaži;garaza-servis;2;9;23;0;0;0
megapod;konkurenti;2;111;23;0;1;0
epoksi za podove cena;epoksid-conquest;1;4;23;0;1;0
pvc podni paneli;pvc-plastika;1;8;22;0;0;0
podovi epoksidni;epoksid-conquest;1;11;22;0;1;0
industrijski beton cena;industrijski;1;8;22;0;1;0
sta je industrijski pod;industrijski;1;6;22;0;0;0
podloge za betonske podove;ostalo;1;1;22;0;1;0
industrijskih pod;industrijski;1;6;22;0;0;0
podovi u garazama;garaza-servis;1;4;22;0;0;0
epoxy za pod;epoksid-conquest;1;4;22;0;1;0
lvt tarkett;konkurenti;1;4;22;0;1;0
cena linoleuma;lvt-vinil-parket;1;3;22;0;0;0
plastične podne pločice;pvc-plastika;1;2;22;0;0;1
linoleum beograd;lvt-vinil-parket;1;2;22;0;0;0
mega pod;ostalo;1;27;22;0;1;0
plasticna podloga za garazu;garaza-servis;1;5;22;0;0;0
linoleum galerija podova;konkurenti;1;2;22;0;1;0
expo podovi;ostalo;1;25;22;0;0;0
dekorativni podovi za garaze i terase;garaza-servis;1;1;22;0;0;0
level podovi;ostalo;1;2;22;0;0;0
vinil 5mm;lvt-vinil-parket;1;2;22;0;0;0
gumeni pod za radionice;radionice;1;1;22;0;0;0
industrijski pod u kuci;industrijski;1;8;22;0;0;0
iglani podovi;ostalo;1;9;22;0;0;0
gumene plocice za pod;gumeni-podovi;1;11;22;0;0;1
izolacija poda;ostalo;1;10;22;0;0;0
gumene podloge za podove;gumeni-podovi;1;20;22;0;0;0
tartan podloga cena;sport-ostalo;1;11;22;0;0;0
epoksidna smola za podove;epoksid-conquest;1;2;22;0;1;0
plasticne ploče za pod;pvc-plastika;1;3;22;0;0;0
lvt ploče;lvt-vinil-parket;1;10;22;0;0;0
antistaticki podovi;antistatik-esd;1;5;22;0;0;0
pvc podovi za kupatilo;pvc-plastika;1;9;22;0;0;0
sika epoxy pod;konkurenti;1;1;22;0;1;0
pod garaže;garaza-servis;1;3;22;0;0;0
dupli pod;ostalo;1;3;22;0;0;0
gumirane podne obloge;ostalo;1;2;22;0;0;0
tekstilni podovi;ostalo;1;4;22;0;0;0
montazni podovi;kontejneri-montazni;1;20;22;0;0;0
commercial flooring;ostalo;1;4;22;0;1;0
vpc podovi;ostalo;1;8;22;0;0;0
tri d podovi;ostalo;1;3;22;0;0;0
epoksidne podne obloge;epoksid-conquest;1;1;22;0;1;0
modularni pod;ostalo;1;6;22;0;0;0
pvc podne obloge za terasu;terasa-balkon;1;5;22;0;0;0
plasticni pod za terase;terasa-balkon;1;10;22;0;0;0
vinil ploče cena;lvt-vinil-parket;1;5;22;0;0;0
samolepljive podne obloge od plute;ostalo;1;1;22;0;0;0
linoleum ploce;lvt-vinil-parket;1;3;22;0;0;0
podne drvene obloge;ostalo;1;3;22;0;0;1
metalni podovi;ostalo;1;15;22;0;1;0
guma za pod cena;gumeni-podovi;1;6;22;0;0;0
gumene trake za podove;gumeni-podovi;1;1;22;0;0;0
vinil za kupatilo;lvt-vinil-parket;1;3;22;0;0;0
epoksi pod za garažu;epoksid-conquest;1;8;22;0;1;0
pvc paneli za podove;pvc-plastika;1;7;22;0;0;0
draco floor 500;ostalo;1;2;22;0;0;0
dekorativni podovi cena;ostalo;1;2;22;0;0;0
postavljanje epoksidnih podova;epoksid-conquest;1;2;22;0;1;0
podovi linoleum;lvt-vinil-parket;1;6;22;0;0;0
epoksi podovi slike;epoksid-conquest;1;2;22;0;1;0
pvc topli pod cena;pvc-plastika;1;2;22;0;1;1
ecs podovi;ostalo;1;1;22;0;0;0
jba;ostalo;1;4;22;0;0;0
premazi za podove;ostalo;1;3;22;0;1;0
gumena podloga za radionicu;radionice;1;7;22;0;0;0
gumene pločice za kuhinju;gumeni-podovi;1;1;22;0;0;1
plasticni pod za terasu;terasa-balkon;1;6;22;0;0;0
tecni podovi cena;ostalo;1;9;22;0;1;0
epoksi masa za podove;epoksid-conquest;1;12;22;0;1;0
polovni gumeni podovi;konkurenti;1;20;22;0;1;0
ecotile;ostalo;1;2;22;0;0;0
podovi za sobe;ostalo;1;6;22;0;0;0
епоксидни подови цена;ostalo;1;4;22;0;0;0
epoxid podovi;epoksid-conquest;1;4;22;0;1;0
ploče za garažu;garaza-servis;1;7;22;0;0;0
firma rinol;konkurenti;1;2;22;0;1;0
podovi tarkett;konkurenti;1;7;22;0;1;0
dekorativni epoksi podovi;epoksid-conquest;1;13;22;0;1;0
vinil ploče za podove;lvt-vinil-parket;1;11;22;0;0;0
pvc podloga;pvc-plastika;1;18;22;0;0;0
epoxy pod za garazu cijena;epoksid-conquest;1;2;22;0;1;0
epoxy cena m2;epoksid-conquest;1;3;22;0;1;0
laminati i podovi;lvt-vinil-parket;1;1;22;0;0;1
mikrocement podovi;epoksid-conquest;1;2;22;0;0;0
plocice za garaze;garaza-servis;1;13;22;0;0;1
gumene ploce za pod;gumeni-podovi;1;4;22;0;0;0
podne obloge srbija;ostalo;1;1;22;0;0;0
epoxy smola za podove;epoksid-conquest;1;16;22;0;1;0
епокси под;ostalo;1;7;22;0;0;0
epoksi za beton;epoksid-conquest;1;2;22;0;1;0
linoleum za stepenice;lvt-vinil-parket;1;1;22;0;0;0
polivinil podovi;lvt-vinil-parket;1;7;22;0;0;0
epoksi cena m2;epoksid-conquest;1;6;22;0;1;0
plastični pod;pvc-plastika;1;21;22;0;0;0
pvc podne obloge za kuhinju;pvc-plastika;1;4;22;0;0;0
materijali za podove;ostalo;1;6;22;0;0;0
podovi od epoksi smole cijena;epoksid-conquest;1;5;22;0;1;0
industrijski pod cijena;industrijski;1;1;22;0;0;0
sportski podovi cena;sport-ostalo;1;3;22;0;0;0
epoksi za garaže;epoksid-conquest;1;4;22;0;1;0
podovi za podrum;ostalo;1;5;22;0;0;0
samolepljivi podni paneli;ostalo;1;2;22;0;0;0
pluta za pod;ostalo;1;1;22;0;0;0
plastika za pod;pvc-plastika;1;3;22;0;0;0
lim za podove;ostalo;1;2;22;0;0;0
industrial floors;industrijski;1;1;22;0;0;0
savadeck;ostalo;1;8;22;0;0;0
pod od epoxy smole;epoksid-conquest;1;10;22;0;1;0
vinil za terasu;terasa-balkon;1;4;22;0;0;0
vinil rolne;lvt-vinil-parket;1;2;22;0;0;0
garažni pod;garaza-servis;1;7;22;0;0;0
tecna guma za podove;gumeni-podovi;1;2;21;0;0;0
izrada epoksi podova;epoksid-conquest;1;3;21;0;1;0
industrijski vinil;industrijski;1;11;21;0;0;0
3d podovi srbija;ostalo;1;3;21;0;0;0
plasticne ploce za garazu;garaza-servis;1;15;21;0;0;0
plastični laminat;lvt-vinil-parket;1;1;21;0;0;1
epoxy podovi;epoksid-conquest;1;12;21;0;1;0
akrilni podovi;ostalo;1;25;21;0;0;0
vinil podloga;lvt-vinil-parket;1;9;21;0;0;0
postavljanje vinila na klik;lvt-vinil-parket;1;1;21;0;0;0
podni vinil;lvt-vinil-parket;1;2;21;0;0;0
vinil podovi postavljanje;lvt-vinil-parket;1;4;21;0;0;0
bergo podloge cena;ostalo;1;19;21;0;0;0
gumeni podovi za kuhinje;gumeni-podovi;1;2;21;0;0;0
pvc obloga za pod;pvc-plastika;1;10;21;0;0;0
ibotac;konkurenti;1;25;21;0;1;0
sportski pod;sport-ostalo;1;5;21;0;0;0
terasa podloga;terasa-balkon;1;2;21;0;0;0
podna obloga terasa;terasa-balkon;1;4;21;0;0;0
plocice za terase 2 cm;terasa-balkon;1;2;21;0;0;1
izlivanje epoksi poda;epoksid-conquest;1;8;21;0;1;0
veštačka trava za terasu;fudbal-trava;1;2;21;0;0;0
wpc plocice;ostalo;1;2;21;0;0;1
epoxy industrial floor coating;epoksid-conquest;1;4;20;0;1;0
epoxy pod za terasu;epoksid-conquest;1;3;20;0;1;0
vinil pod cena;lvt-vinil-parket;1;5;20;0;0;0
terasa pod;terasa-balkon;1;6;20;0;0;0
terasa podovi;terasa-balkon;1;1;20;0;0;0
oblaganje podova;ostalo;1;1;20;0;0;0
wpc podovi za terase cijena;terasa-balkon;1;1;20;0;0;0
najlepse plocice za terase;terasa-balkon;1;9;20;0;0;1
premazi za terase;terasa-balkon;1;1;20;0;1;0
bergo podovi;ostalo;1;3;20;0;0;0
ideje za terase plocice;terasa-balkon;1;1;20;0;0;1
itison za napolje;ostalo;1;1;20;0;0;1
industrieboden;industrijski;1;2;19;0;0;0
ideja za uredjenje terase;terasa-balkon;1;1;19;0;0;0
pvc pod u roli;pvc-plastika;1;2;19;0;0;0
laminati veternik;lvt-vinil-parket;1;1;19;0;0;1
commercial flooring manufacturers;ostalo;3;14;19;0;1;0
ploce za pod;ostalo;1;11;19;0;0;0
forma ideale baštenski nameštaj;dvoriste-basta;1;1;19;0;0;0
plasticni brodski pod cena;pvc-plastika;1;6;19;0;0;0
zidne obloge za spoljne zidove;ostalo;1;1;19;0;0;0
wpc daske cena;ostalo;1;3;19;0;0;0
obloge za terase i dvorista;terasa-balkon;1;14;18;0;0;0
drvene obloge za terasu;terasa-balkon;2;5;18;0;0;1
baštenski nameštaj akcija;dvoriste-basta;1;3;18;0;0;0
metro bastenski namestaj;dvoriste-basta;1;2;18;0;0;0
obloge za beton;ostalo;1;2;18;0;0;0
deking daska cena;ostalo;1;2;18;0;0;1
pod za dvoriste;dvoriste-basta;1;6;18;0;0;0
pvc podovi srbija;pvc-plastika;1;2;18;0;0;0
podovi za bastu;dvoriste-basta;1;4;18;0;0;0
sta staviti kao podlogu ispod bazena;bazen;1;2;18;0;0;0
industrial flooring materials;industrijski;1;4;18;0;1;0
podloge za bastu;dvoriste-basta;1;6;18;0;0;0
patio floor tiles;ostalo;1;2;18;0;0;0
pvc tepisi;pvc-plastika;1;1;17;0;0;0
podne obloge za terase uradi sam;terasa-balkon;1;27;17;0;0;0
topling podovi cena;ostalo;1;1;17;0;0;0
podovi oko bazena;bazen;1;8;17;0;0;0
ikea ploce za terasu;terasa-balkon;1;1;17;0;0;0
vinil laminat cena;lvt-vinil-parket;1;1;17;0;0;1
terrasse;ostalo;1;1;17;0;0;0
galerija podova veštačka trava;konkurenti;1;1;17;0;1;0
itisoni za terase;terasa-balkon;1;7;17;0;0;1
wpc;ostalo;1;17;17;0;0;0
podovi za baste;dvoriste-basta;1;7;17;0;0;0
najjeftinije podne obloge;ostalo;1;9;17;0;0;0
vinil near me;lvt-vinil-parket;1;8;17;0;0;0
vrste podnih obloga;ostalo;1;3;17;0;0;0
cime poplocati terasu;terasa-balkon;1;2;17;0;0;0
bergo podne obloge;ostalo;1;2;17;0;0;0
podni paneli za terase;terasa-balkon;1;5;17;0;0;0
vinil podloga za pod;lvt-vinil-parket;1;3;17;0;0;0
pod za baste kafica;dvoriste-basta;1;2;17;0;0;0
gumena podloga za terasu;terasa-balkon;1;3;17;0;0;0
galerija podova belgrade;konkurenti;1;2;17;0;1;0
podovi za terase cena;terasa-balkon;1;6;17;0;0;0
parket za terasu;terasa-balkon;1;8;17;0;0;0
podloga oko bazena;bazen;1;12;17;0;0;0
podne podloge za terasu;terasa-balkon;1;8;17;0;0;0
tende za terasu;terasa-balkon;1;2;17;0;0;0
male terase ideje;terasa-balkon;1;1;17;0;0;0
podne obloge za terase srbija;terasa-balkon;1;1;16;0;0;0
pod za oko bazena;bazen;1;2;16;0;0;0
opremanje terasa;terasa-balkon;1;1;16;0;0;0
pvc podovi u roli;pvc-plastika;1;1;16;0;0;0
podloga za spoljne terase;terasa-balkon;1;6;16;0;0;0
galerija podova vestacka trava cena;konkurenti;1;3;16;0;1;0
drvene podne obloge;ostalo;1;6;16;0;0;1
podne obloge akcija;ostalo;1;2;16;0;0;0
podne podloge;ostalo;1;6;16;0;0;0
brodski pod za terasu;terasa-balkon;1;8;16;0;0;0
daska za terasu;terasa-balkon;1;4;16;0;0;0
deking pod;ostalo;1;9;16;0;0;1
kocke za terasu;terasa-balkon;1;12;16;0;0;0
prostirke za terase;terasa-balkon;1;1;16;0;0;0
plocice za terasu podne;terasa-balkon;1;4;16;0;0;1
podne obloge za napolje;ostalo;1;7;16;0;0;0
deking terase;terasa-balkon;1;1;16;0;0;1
dimenzije dekinga;ostalo;1;3;16;0;0;1
montazne terase;terasa-balkon;1;1;15;0;0;0
spoljne podne plocice;ostalo;1;1;15;0;0;1
postavljanje dekinga;ostalo;1;2;15;0;0;1
podne daske za terasu;terasa-balkon;1;1;15;0;0;0
pod za terasu jysk;konkurenti;1;3;15;0;1;0
podovi za letnjikovac;terasa-balkon;1;3;15;0;0;0
ikea podne obloge;ostalo;1;11;15;0;0;0
podovi za baste kafica;dvoriste-basta;1;4;15;0;0;0
plastične kocke za terase;terasa-balkon;1;5;15;0;0;0
jeftino pokrivanje terase;terasa-balkon;1;1;15;0;0;0
wpc podovi za terase;terasa-balkon;1;17;15;0;0;0
podne ploče;ostalo;1;1;15;0;0;0
podna obloga vinil;lvt-vinil-parket;1;3;14;0;0;0
podloga za deking;ostalo;1;2;14;0;0;1
deking za ograde;ostalo;1;3;14;0;0;1
jeftine plocice za terasu;terasa-balkon;1;9;14;0;0;1
pvc spoljne zidne obloge;pvc-plastika;1;3;14;0;0;0
plocice terasa;terasa-balkon;1;2;14;0;0;1
deking daske cena;ostalo;1;13;14;0;0;1
podovi terasa;terasa-balkon;1;4;14;0;0;0
deking podne obloge;ostalo;1;2;14;0;0;1
deking podovi cena;ostalo;1;12;14;0;0;1
deking cacak;ostalo;1;2;14;0;0;1
cena dekinga;ostalo;1;4;14;0;0;1
plasticne plocice za terase;terasa-balkon;1;4;14;0;0;1
laminat za terasu;terasa-balkon;1;3;14;0;0;1
plastične obloge za terase;terasa-balkon;1;2;14;0;0;0
deking kocke cena;ostalo;1;3;14;0;0;1
drvene terase;terasa-balkon;1;1;14;0;0;1
podne obloge za bazene;bazen;1;1;14;0;0;0
podovi za dvoriste;dvoriste-basta;1;8;14;0;0;0
spoljne zidne obloge;ostalo;1;3;14;0;0;0
gumene ploce za dvoriste;dvoriste-basta;1;2;14;0;0;0
podloge za terasu jysk;konkurenti;1;2;14;0;1;0
kako poplocati terasu;terasa-balkon;1;2;14;0;0;0
plocice za terase;terasa-balkon;1;5;14;0;0;1
podna obloga za dvoriste;dvoriste-basta;1;3;14;0;0;0
najjeftinije plocice za terasu;terasa-balkon;1;2;14;0;0;1
moderne podne obloge;ostalo;1;8;14;0;0;0
paneli za podove;ostalo;1;5;14;0;0;0
podloga za terasu jysk;konkurenti;1;2;14;0;1;0
ploče za pod;ostalo;1;2;14;0;0;0
popločavanje terase;terasa-balkon;1;2;13;0;0;0
pod za terasu ideje;terasa-balkon;1;4;13;0;0;0
pod na terasi;terasa-balkon;1;6;13;0;0;0
ugradnja dekinga;ostalo;1;2;13;0;0;1
savadeck deking;ostalo;1;2;13;0;0;1
podne obloge za terasu jysk;konkurenti;1;3;13;0;1;0
podne obloge za terase iskustva;terasa-balkon;1;1;13;0;0;0
plastični pod za terase;terasa-balkon;1;4;13;0;0;0
lvt podloga;lvt-vinil-parket;1;5;13;0;0;0
gumena podna obloga;gumeni-podovi;1;2;13;0;0;0
vinas podovi;ostalo;1;1;13;0;0;0
hrapave plocice za terasu;terasa-balkon;1;1;13;0;0;1
vodootporni pod;ostalo;1;2;13;0;0;0
decking terasa;terasa-balkon;1;3;13;0;0;0
ecotile 500 7;ostalo;2;7;12;0;0;0
podloga za balkone;terasa-balkon;1;1;12;0;0;0
commercial flooring services;ostalo;2;2;12;0;1;0
podne obloge za spoljne terase;terasa-balkon;1;3;12;0;0;0
pod za balkon;terasa-balkon;1;4;12;0;0;0
ploče za terasu;terasa-balkon;1;11;12;0;0;0
pvc obloge za podove;pvc-plastika;1;7;11;0;0;0
industrial epoxy;epoksid-conquest;1;9;11;0;1;0
parket near me;lvt-vinil-parket;1;5;11;0;0;0
commercial floor;ostalo;1;1;10;0;0;0
plasticni resetkasti podovi;pvc-plastika;1;2;10;0;0;0
vinas ploče;ostalo;1;1;10;0;0;0
sava deking;ostalo;1;7;10;0;0;1
bodendiele wpc;ostalo;1;5;9;0;0;0
lvt ploce;lvt-vinil-parket;1;30;9;0;0;0
na terasi;terasa-balkon;2;136;9;0;0;0
topli patos;ostalo;1;1;9;0;0;0
drveni podovi;ostalo;1;1;8;0;0;1
commercial floors;ostalo;2;3;8;0;0;0
plasticna podna obloga;pvc-plastika;1;1;8;0;0;0
commercial flooring and installation;ostalo;1;1;7;0;1;0
vestacka trava cena m2;fudbal-trava;1;2;7;0;0;0
etison za terasu;terasa-balkon;1;4;7;0;0;0
postavljanje pvc podova;pvc-plastika;1;2;6;0;0;0
podloge za terase uradi sam;terasa-balkon;1;9;6;0;0;0
tarkett iq surface;konkurenti;1;1;5;0;1;0
podovi od epoxy smole;epoksid-conquest;1;27;5;0;1;0
commercial flooring companies;ostalo;1;2;5;0;1;0
marmoleum podovi;ostalo;1;1;4;0;1;0
antistatik;antistatik-esd;1;2;4;0;0;0
decking near me;ostalo;1;1;1;0;0;0
deking daska;ostalo;0;1;0;0;0;1
drveni deking cena;ostalo;0;2;0;0;0;1
obloga za terase;terasa-balkon;0;1;0;0;0;0
балкон;ostalo;0;2;0;0;0;0
podne obloge za terase cena;terasa-balkon;0;3;0;0;0;0
podne obloge za terasu ikea;terasa-balkon;0;2;0;0;0;0
sta staviti kao podlogu za bazen;bazen;0;1;0;0;0;0
deking drvo;ostalo;0;1;0;0;0;1
podne kocke za terasu;terasa-balkon;0;1;0;0;0;0
wpc decking srbija;ostalo;0;3;0;0;0;0
wpc ograda cena;ostalo;0;1;0;0;0;0
ploče za terasu bauhaus;terasa-balkon;0;1;0;0;0;0
uradisam;ostalo;0;2;0;0;0;0
pod terase;terasa-balkon;0;3;0;0;0;0
wpc deking novi sad;ostalo;0;2;0;0;0;1
ikea deking za terasu;terasa-balkon;0;1;0;0;0;1
gumene podne obloge;gumeni-podovi;0;9;0;0;0;0
zavese za terasu;terasa-balkon;0;1;0;0;0;0
vinil pod na klik;lvt-vinil-parket;0;3;0;0;0;0
wood plastic composite;pvc-plastika;0;1;0;0;0;0
epoksidni podovi za dvoriste;epoksid-conquest;0;1;0;0;1;0
epoksidni podovi iskustva;epoksid-conquest;0;3;0;0;1;0
epoksidni podovi cena po m2 srbija;epoksid-conquest;0;2;0;0;1;0
vinil podovi cena;lvt-vinil-parket;0;4;0;0;0;0
dekorativni epoksidni podovi;epoksid-conquest;0;1;0;0;1;0
za terase;terasa-balkon;0;1;0;0;0;0
kronoart uzice;ostalo;0;1;0;0;0;0
linoleumi cena;lvt-vinil-parket;0;2;0;0;0;0
epoksid za podove;epoksid-conquest;0;2;0;0;1;0
impregnirano drvo za terase;terasa-balkon;0;2;0;0;0;0
deking daske dimenzije;ostalo;0;1;0;0;0;1
lvt podovi cena;lvt-vinil-parket;0;2;0;0;0;0
deking kocke;ostalo;0;4;0;0;0;1
pvc vinil;lvt-vinil-parket;0;2;0;0;0;0
postavljanje vinil podova;lvt-vinil-parket;0;3;0;0;0;0
bastenski podovi;dvoriste-basta;0;4;0;0;0;0
www bondeck rs;ostalo;0;1;0;0;0;0
industrial floor manufacturer;industrijski;0;1;0;0;0;0
gumeni pod za garazu;garaza-servis;0;6;0;0;0;0
rinol podovi;konkurenti;0;2;0;0;1;0
luksuzni vinil podovi;lvt-vinil-parket;0;1;0;0;0;0
podne obloge za stan;ostalo;0;2;0;0;0;0
obloga za pod;ostalo;0;1;0;0;0;0
deking ploče cena;ostalo;0;2;0;0;0;1
obloge za spoljne zidove;ostalo;0;1;0;0;0;0
drvene podloge;ostalo;0;2;0;0;0;1
daske za pod;ostalo;0;2;0;0;0;0
daske oko bazena;bazen;0;1;0;0;0;0
jastuci za bastenski namestaj;dvoriste-basta;0;1;0;0;0;0
poliuretanski podovi;epoksid-conquest;0;1;0;0;1;0
podne obloge za hodnik;ostalo;0;1;0;0;0;0
daske od ariša;ostalo;0;1;0;0;0;0
deking za pod;ostalo;0;5;0;0;0;1
alu pergola;ostalo;0;1;0;0;0;0
ideja za zatvaranje terase;terasa-balkon;0;2;0;0;0;0
uredjenje terase;terasa-balkon;0;3;0;0;0;0
bergo unique;ostalo;0;1;0;0;0;0
terasa ispred kuce;terasa-balkon;0;1;0;0;0;0
vodootporne daske;ostalo;0;1;0;0;0;0
uredjenje terase ideje;terasa-balkon;0;10;0;0;0;0
vinil spc;lvt-vinil-parket;0;3;0;0;0;0
vinas plocice cena;ostalo;0;1;0;0;0;1
kako urediti terasu u kuci;terasa-balkon;0;1;0;0;0;0
ikea podloge za terasu;terasa-balkon;0;3;0;0;0;0
podna vestacka trava;fudbal-trava;0;1;0;0;0;0
floor;ostalo;0;1;0;0;0;0
materijal za terase;terasa-balkon;0;2;0;0;0;0
decking daske;ostalo;0;1;0;0;0;0
plasticne ploce za terasu;terasa-balkon;0;1;0;0;0;0
plocice za napolje;ostalo;0;3;0;0;0;1
plocice spoljne za terasu;terasa-balkon;0;2;0;0;0;1
industrial epoxy floor coating;epoksid-conquest;0;2;0;0;1;0
balkonske terase;terasa-balkon;0;1;0;0;0;0
mermerne ploce za terasu;terasa-balkon;0;1;0;0;0;0
magic floor doo;ostalo;0;1;0;0;0;0
oprema za bazene novi sad;bazen;0;1;0;0;0;0
podne prostirke za terasu;terasa-balkon;0;2;0;0;0;0
podne obloge com;ostalo;0;2;0;0;0;0
podovi za dnevnu sobu;ostalo;0;4;0;0;0;0
ply deck;ostalo;0;1;0;0;0;0
wpc decking cena;ostalo;0;2;0;0;0;0
pvc obloge za zidove;pvc-plastika;0;1;0;0;0;0
uradi sam deking;ostalo;0;1;0;0;0;1
obloga oko bazena;bazen;0;1;0;0;0;0
parketi;lvt-vinil-parket;0;1;0;0;0;0
deking za bazene cena;bazen;0;1;0;0;0;1
drvene kocke za terasu;terasa-balkon;0;2;0;0;0;1
jba doo;ostalo;0;3;0;0;0;0
kako srediti terasu;terasa-balkon;0;1;0;0;0;0
mm floors;ostalo;0;1;0;0;0;0
megapod rs;konkurenti;0;2;0;0;1;0
kako urediti terasu u stanu;terasa-balkon;0;2;0;0;0;0
decking rs;ostalo;0;2;0;0;0;0
mega podovi;ostalo;0;1;0;0;1;0
deck tiles;ostalo;0;2;0;0;0;0
deck tiles waterproof;ostalo;0;1;0;0;0;0
industrial carpet;industrijski;0;3;0;0;0;0
industrial floor;industrijski;0;6;0;0;0;0
antibakterijski podovi;ostalo;0;1;0;0;0;0
epoksan;epoksid-conquest;0;1;0;0;1;0
moderni podovi za dnevni boravak;ostalo;0;2;0;0;0;0
enmon podne plocice za terasu;terasa-balkon;0;1;0;0;0;1
vipol beograd;ostalo;0;1;0;0;0;0
tepisi po meri;ostalo;0;2;0;0;0;0
uradi sam podovi;ostalo;0;1;0;0;0;0
oprema za bazene indjija;bazen;0;3;0;0;0;0
najbolja podloga za bazen;bazen;0;1;0;0;0;0
vrste podova;ostalo;0;2;0;0;0;0
wpc pod za terase;terasa-balkon;0;2;0;0;0;0
oprema za bazene;bazen;0;4;0;0;0;0
deking podovi uradi sam;ostalo;0;1;0;0;0;1
asure;ostalo;0;1;0;0;0;0
deking ploce;ostalo;0;8;0;0;0;1
postavljanje dekinga cena;ostalo;0;5;0;0;0;1
suman;ostalo;0;1;0;0;0;0
podloga za bazen 366 cm;bazen;0;1;0;0;0;0
materijali za terase;terasa-balkon;0;4;0;0;0;0
sintelon;ostalo;0;1;0;0;0;0
uređenje terase;terasa-balkon;0;2;0;0;0;0
deking beograd;ostalo;0;7;0;0;0;1
terron podna obloga;ostalo;0;9;0;0;0;0
uradi sam podne obloge;ostalo;0;1;0;0;0;0
altappen floor decking;ostalo;0;1;0;0;0;0
pvc obloge za terase;terasa-balkon;0;3;0;0;0;0
market parket beograd;lvt-vinil-parket;0;3;0;0;0;0
acacia wood tiles;ostalo;0;1;0;0;0;0
deking daske;ostalo;0;14;0;0;0;1
veranda;ostalo;0;1;0;0;0;0
wpc ploče za terasu;terasa-balkon;0;1;0;0;0;0
decodecking ultrashield;ostalo;0;1;0;0;0;0
sta je deking;ostalo;0;2;0;0;0;1
roda bastenski namestaj 2026;dvoriste-basta;0;1;0;0;0;0
fasadno drvo;ostalo;0;1;0;0;0;0
podovi za podno grejanje;ostalo;0;1;0;0;0;0
terase za dvoriste;terasa-balkon;0;2;0;0;0;0
spc podna obloga;ostalo;0;1;0;0;0;0
deking prodaja;ostalo;0;3;0;0;0;1
samonivelišući podovi;ostalo;0;4;0;0;0;0
unixx;ostalo;0;1;0;0;0;0
timber decking installation;ostalo;0;1;0;0;0;0
ananas bastenski namestaj;dvoriste-basta;0;1;0;0;0;0
gotovi podovi;ostalo;0;1;0;0;0;0
prefabricated industrial buildings;industrijski;0;1;0;0;0;0
vanjske plocice za terase;terasa-balkon;0;1;0;0;0;1
esd gerflor;antistatik-esd;0;2;0;0;0;0
vestacka;ostalo;0;1;0;0;0;0
bastenski namestaj beograd;dvoriste-basta;0;1;0;0;0;0
plasticne ploce za pod;pvc-plastika;0;8;0;0;0;0
industrial grade epoxy floor coating;epoksid-conquest;0;1;0;0;1;0
larix ada;ostalo;0;2;0;0;0;0
megapod zmaj;konkurenti;0;1;0;0;1;0
decking podovi novi sad;ostalo;0;2;0;0;0;0
deking ograde;ostalo;0;1;0;0;0;1
wpc near me;ostalo;0;1;0;0;0;0
outdoor decking near me;ostalo;0;2;0;0;0;0
pod za terase bauhaus;terasa-balkon;0;1;0;0;0;0
wpc deking kocke;ostalo;0;1;0;0;0;1
podne obloge beograd;ostalo;0;2;0;0;0;0
bondeck wpc deking;ostalo;0;1;0;0;0;1
wpc podne obloge za terase;terasa-balkon;0;2;0;0;0;0
galerija podova vinil;konkurenti;0;1;0;0;1;0
premier decking;ostalo;0;1;0;0;0;0
sibirski ariš daske;ostalo;0;1;0;0;0;0
podne obloge tarket;ostalo;0;1;0;0;0;0
ucrete;ostalo;0;4;0;0;0;0
wpc daske;ostalo;0;5;0;0;0;0
resetkasti podovi;ostalo;0;2;0;0;0;0
samonivelirajući podovi;ostalo;0;1;0;0;0;0
parket market zemun;lvt-vinil-parket;0;1;0;0;0;0
pergole beograd;ostalo;0;1;0;0;0;0
laminati;lvt-vinil-parket;0;6;0;0;0;1
luksuzni vinil podovi cijena;lvt-vinil-parket;0;2;0;0;0;0
mikrocement za spolja;epoksid-conquest;0;1;0;0;0;0
megapod karadjordjeva;konkurenti;0;1;0;0;1;0
tara koncept;ostalo;0;1;0;0;0;0
sekvoja podovi doo београд;ostalo;0;1;0;0;0;0
itison za terase;terasa-balkon;0;2;0;0;0;1
granitne plocice za spoljnu upotrebu;ostalo;0;1;0;0;0;1
parketar near me;lvt-vinil-parket;0;1;0;0;0;0
polyplast;ostalo;0;1;0;0;0;0
industrial epoxy coatings;epoksid-conquest;0;1;0;0;1;0
deking zona;ostalo;0;1;0;0;0;1
montažni podovi za terase;terasa-balkon;0;1;0;0;0;0
sikafloor polyurethane;konkurenti;0;2;0;0;1;0
топли под;ostalo;0;2;0;0;0;0
zelena podloga za terase;terasa-balkon;0;4;0;0;0;0
zaštita za terase;terasa-balkon;0;2;0;0;0;0
wpc deking srbija;ostalo;0;1;0;0;0;1
tarkett iq toro sc;konkurenti;0;2;0;0;1;0
baštenski nameštaj novi sad;dvoriste-basta;0;1;0;0;0;0
industrial floor epoxy;epoksid-conquest;0;2;0;0;1;0
wpc deking kupujemprodajem;konkurenti;0;1;0;0;1;1
uradi sam kaludjerica;ostalo;0;1;0;0;0;0
pvc flooring for industrial use;industrijski;0;2;0;0;1;0
epoxy floor industrial;epoksid-conquest;0;1;0;0;1;0
laminat beograd;lvt-vinil-parket;0;1;0;0;0;1
mapei lestane;ostalo;0;1;0;0;0;0
target parket;lvt-vinil-parket;0;1;0;0;0;0
artinjan parket;lvt-vinil-parket;0;2;0;0;0;0
rinol;konkurenti;0;1;0;0;1;0
wpc pod;ostalo;0;3;0;0;0;0
oprema za bazene borca;bazen;0;1;0;0;0;0
materijal za terasu;terasa-balkon;0;2;0;0;0;0
sta staviti ispod bazena;bazen;0;6;0;0;0;0
oprema za bazene sremska kamenica;bazen;0;2;0;0;0;1
spoljne plocice za terase;terasa-balkon;0;7;0;0;0;1
outdoor floor wooden tiles;ostalo;0;1;0;0;0;0
ograde od dekinga;ostalo;0;1;0;0;0;1
plasticne kocke za terasu;terasa-balkon;0;1;0;0;0;0
wpc daske za ogradu cena;ostalo;0;1;0;0;0;0
wpc daske za ogradu;ostalo;0;1;0;0;0;0
floor expert;ostalo;0;1;0;0;0;0
gumena podloga;gumeni-podovi;0;2;0;0;0;0
keramicke plocice za terasu;terasa-balkon;0;2;0;0;0;1
terasa uredjenje;terasa-balkon;0;1;0;0;0;0
uredjenje male terase;terasa-balkon;0;1;0;0;0;0
jysk plastični podovi za terase;konkurenti;0;1;0;0;1;0
plastični deking;pvc-plastika;0;1;0;0;0;1
bazeni;bazen;0;3;0;0;0;0
spoljne plocice za terase cena;terasa-balkon;0;7;0;0;0;1
granitne ploce za terase;terasa-balkon;0;2;0;0;0;1
sive plocice za terasu;terasa-balkon;0;2;0;0;0;1
vinil za terase;terasa-balkon;0;2;0;0;0;0
savadeck cena;ostalo;0;3;0;0;0;0
spoljne terase;terasa-balkon;0;1;0;0;0;0
terase ispred kuce;terasa-balkon;0;1;0;0;0;0
podne gumene obloge;gumeni-podovi;0;3;0;0;0;0
oprema za bazene beograd;bazen;0;2;0;0;0;0
podloge za balkon;terasa-balkon;0;1;0;0;0;0
podloga za dvorište;dvoriste-basta;0;1;0;0;0;0
pvc podovi za terase cijena;terasa-balkon;0;3;0;0;0;0
sintelon vestacka trava;fudbal-trava;0;2;0;0;0;0
podne obloge za terase cijena;terasa-balkon;0;1;0;0;0;0
spc flooring;ostalo;0;1;0;0;1;0
wpc kompozitne daske;ostalo;0;1;0;0;0;0
master flooring;ostalo;0;1;0;0;1;0
gumeni podovi beograd;gumeni-podovi;0;2;0;0;0;0
epoxy flooring outdoor surfaces;epoksid-conquest;0;1;0;0;1;0
epoksilni pod;epoksid-conquest;0;2;0;0;1;0
cena vinila na m2;lvt-vinil-parket;0;2;0;0;0;0
draco floor;ostalo;0;2;0;0;0;0
isomat durofloor bi;ostalo;0;1;0;0;0;0
luksuzni vinil;lvt-vinil-parket;0;1;0;0;0;0
spc podovi cena po m2;ostalo;0;4;0;0;0;0
smola za podove cena;epoksid-conquest;0;2;0;0;1;0
wpc deking daske;ostalo;0;1;0;0;0;1
wpc letvice;ostalo;0;8;0;0;0;1
aluminijumske stolice za bastu;dvoriste-basta;0;1;0;0;0;0
za terasu podloga;terasa-balkon;0;2;0;0;0;0
wpc podnice;ostalo;0;1;0;0;0;0
wpc za terasu;terasa-balkon;0;1;0;0;0;0
savadeck beograd;ostalo;0;2;0;0;0;0
podna podloga za terasu;terasa-balkon;0;1;0;0;0;0
wpc terase cena;terasa-balkon;0;2;0;0;0;0
lyctum deking;ostalo;0;1;0;0;0;1
cork flooring outdoor;ostalo;0;1;0;0;1;0
wpc paneli;ostalo;0;2;0;0;0;0
podloga za bazen na travi;bazen;0;1;0;0;0;0
deking nis;ostalo;0;1;0;0;0;1
wpc ploce za terasu;terasa-balkon;0;1;0;0;0;0
za balkon pod;terasa-balkon;0;4;0;0;0;0
klik ploče za terasu;terasa-balkon;0;1;0;0;0;0
плочице за терасу;ostalo;0;3;0;0;0;0
šta je deking;ostalo;0;1;0;0;0;1
vinilni podovi cena;lvt-vinil-parket;0;4;0;0;0;0
balkon;terasa-balkon;0;2;0;0;0;0
rolo zavesa za terasu;terasa-balkon;0;1;0;0;0;0
vinilne ploce;lvt-vinil-parket;0;2;0;0;0;0
terase podovi;terasa-balkon;0;2;0;0;0;0
drvena podloga;ostalo;0;3;0;0;0;1
wood master valjevo;ostalo;0;2;0;0;0;0
što staviti na terasu umjesto pločica;terasa-balkon;0;2;0;0;0;0
podne obloge od gume;ostalo;0;2;0;0;0;0
granitne plocice 2 cm;ostalo;0;1;0;0;0;1
mcs sistem pozega;ostalo;0;1;0;0;0;0
podne obloge za sobu;ostalo;0;2;0;0;0;0
plasticne podloge za terasu;terasa-balkon;0;1;0;0;0;0
tiles for balcony floor;ostalo;0;1;0;0;0;0
daska za terase;terasa-balkon;0;1;0;0;0;0
daske za oko bazena;bazen;0;2;0;0;0;0
deking podovi cena po m2;ostalo;0;6;0;0;0;1
deking podovi nis;ostalo;0;1;0;0;0;1
kako obloziti terasu;terasa-balkon;0;4;0;0;0;0
drvene obloge za podove;ostalo;0;2;0;0;0;1
granitne plocice za dvoriste cena;dvoriste-basta;0;4;0;0;0;1
gumena podloga za bazen;bazen;0;2;0;0;0;0
klik klak podne obloge;ostalo;0;2;0;0;0;0
obloge oko bazena;bazen;0;2;0;0;0;0
jeftine podne obloge;ostalo;0;6;0;0;0;0
jba near me;ostalo;0;1;0;0;0;0
drvene ploče za terasu;terasa-balkon;0;1;0;0;0;1
ikea bastenske podloge;dvoriste-basta;0;1;0;0;0;0
ikea trava za terasu;fudbal-trava;0;1;0;0;0;0
granitne plocice za terasu cena;terasa-balkon;0;3;0;0;0;1
kupujemprodajem deking;konkurenti;0;1;0;0;1;1
granitne plocice za terasu;terasa-balkon;0;5;0;0;0;1
drvene obloge za bazene;bazen;0;2;0;0;0;1
oprema za bazene novi beograd;bazen;0;3;0;0;0;0
kako uraditi terasu;terasa-balkon;0;3;0;0;0;0
kako urediti terasu ideje;terasa-balkon;0;1;0;0;0;0
oprema za bazene srbija;bazen;0;2;0;0;0;0
cvrsta podloga za bazen;bazen;0;5;0;0;0;0
uređenje terase u stanu;terasa-balkon;0;1;0;0;0;0
velike plocice za terasu;terasa-balkon;0;5;0;0;0;1
podkonstrukcija za deking;ostalo;0;2;0;0;0;1
ugradni bazeni;bazen;0;1;0;0;0;0
plocice za terasu ikea;terasa-balkon;0;2;0;0;0;1
wpc podovi cena;ostalo;0;1;0;0;0;0
wpc obloge;ostalo;0;1;0;0;0;0
stone plastic composite;pvc-plastika;0;1;0;0;0;0
ukrasne terase;terasa-balkon;0;1;0;0;0;0
nove podne obloge;ostalo;0;1;0;0;0;0
podne plocice za spolja;ostalo;0;1;0;0;0;1
terase za kucu;terasa-balkon;0;1;0;0;0;0
podloga za ispod bazena;bazen;0;1;0;0;0;0
šta staviti ispod bazena;bazen;0;1;0;0;0;0
podne plocice za napolje;ostalo;0;2;0;0;0;1
neklizajuca podloga za terasu;terasa-balkon;0;3;0;0;0;0
podne obloge za terase bih;terasa-balkon;0;2;0;0;0;0
plocica za terasu;terasa-balkon;0;2;0;0;0;0
bazen;bazen;0;1;0;0;0;0
oprema za bazene obrenovac;bazen;0;1;0;0;0;0
drvene podloge za terase;terasa-balkon;0;1;0;0;0;1
paneli za pod terase;terasa-balkon;0;1;0;0;0;0
sava deck;ostalo;0;5;0;0;0;0
terasne obloge;terasa-balkon;0;6;0;0;0;0
plastične ploče za terasu;terasa-balkon;0;1;0;0;0;0
zidne obloge za terasu;terasa-balkon;0;5;0;0;0;0
podna podloga;ostalo;0;1;0;0;0;0
plocice za spoljnu upotrebu;ostalo;0;2;0;0;0;1
podne obloge drvene;ostalo;0;2;0;0;0;1
plocice za dvoriste;dvoriste-basta;0;1;0;0;0;1
ikea podne obloge za terase;terasa-balkon;0;1;0;0;0;0
podloga za bazen stiropor;bazen;0;1;0;0;0;0
outdoor floor;ostalo;0;2;0;0;0;0
vinil ploce;lvt-vinil-parket;0;3;0;0;0;0
deking plocice;ostalo;0;4;0;0;0;1
ploče oko bazena;bazen;0;1;0;0;0;0
deking konstrukcija;ostalo;0;1;0;0;0;1
podloga za balkon;terasa-balkon;0;2;0;0;0;0
drvene terase ideje;terasa-balkon;0;1;0;0;0;1
pinterest terase;terasa-balkon;0;1;0;0;0;0
drvena podna obloga;ostalo;0;4;0;0;0;1
drvene pregrade za terase;terasa-balkon;0;1;0;0;0;1
samonivelirajući epoxy pod;epoksid-conquest;0;1;0;0;1;0
podloga za bazene pevex;konkurenti;0;1;0;0;0;1
podovi epoksi smola;epoksid-conquest;0;1;0;0;1;0
samolepljivi vinil podovi;lvt-vinil-parket;0;1;0;0;0;0
best flooring;ostalo;0;1;0;0;1;0
deking akcija;ostalo;0;1;0;0;0;1
vinil podloge za pod;lvt-vinil-parket;0;3;0;0;0;0
vinil spc podovi;lvt-vinil-parket;0;2;0;0;0;0
oprema za bazen zrenjanin;bazen;0;2;0;0;0;0
podovi za dvorista;dvoriste-basta;0;6;0;0;0;0
podne obloge za stepenice;ostalo;0;1;0;0;0;0
podloga ispod bazena;bazen;0;4;0;0;0;0
plastični brodski pod;pvc-plastika;0;1;0;0;0;0
moderne terase;terasa-balkon;0;1;0;0;0;0
pvc obloge za terasu;terasa-balkon;0;1;0;0;0;0
ograde deking;ostalo;0;1;0;0;0;1
najpovoljniji bastenski namestaj;dvoriste-basta;0;1;0;0;0;0
obloga za bazene;bazen;0;1;0;0;0;0
p o d;ostalo;0;1;0;0;0;0
pergola;ostalo;0;1;0;0;0;0
najjeftiniji deking;ostalo;0;1;0;0;0;1
obloge za bazene;bazen;0;1;0;0;0;0
podloge za bazen;bazen;0;1;0;0;0;0
plastika za terasu;terasa-balkon;0;2;0;0;0;0
ploce za bastu;dvoriste-basta;0;1;0;0;0;0
industrijski epoksidni podovi;epoksid-conquest;0;4;0;0;1;0
podne i zidne obloge;ostalo;0;1;0;0;0;0
podne obloge za vanjske terase;terasa-balkon;0;1;0;0;0;0
pvc kocke za terasu;terasa-balkon;0;1;0;0;0;0
podloge za vrt;dvoriste-basta;0;1;0;0;0;0
savadeck podovi cena;ostalo;0;1;0;0;0;0
savadek;ostalo;0;3;0;0;0;0
terasne plocice;terasa-balkon;0;1;0;0;0;1
podovi za hodnike;ostalo;0;1;0;0;0;0
roda katalog bastenski namestaj;dvoriste-basta;0;1;0;0;0;0
jysk podne obloge za terasu;konkurenti;0;6;0;0;1;0
samoljepljive podne obloge bih;ostalo;0;2;0;0;0;0
ikea podne obloge za terasu;terasa-balkon;0;3;0;0;0;0
pvc paneli;pvc-plastika;0;1;0;0;0;0
wpc ograde novi sad;ostalo;0;1;0;0;0;0
mcs pozega;ostalo;0;1;0;0;0;0
guma za pod;gumeni-podovi;0;1;0;0;0;0
teracino podovi;ostalo;0;5;0;0;0;0
epoksidni podovi cena po m2 novi sad;epoksid-conquest;0;1;0;0;1;0
spoljne granitne plocice;ostalo;0;5;0;0;0;1
epoksi podovi cena po kvadratu;epoksid-conquest;0;2;0;0;1;0
epoksi podovi cena po m2;epoksid-conquest;0;1;0;0;1;0
epoxy podovi cena;epoksid-conquest;0;1;0;0;1;0
epoxy smola za podove cena;epoksid-conquest;0;1;0;0;1;0
podne plocice za terasu enmon;terasa-balkon;0;3;0;0;0;1
epoksidni podovi cena po m2 нови сад;epoksid-conquest;0;2;0;0;1;0
the tara concept;ostalo;0;1;0;0;0;0
uređene terase;terasa-balkon;0;2;0;0;0;0
terase ideje;terasa-balkon;0;6;0;0;0;0
steffes;ostalo;0;1;0;0;0;0
vpc daske;ostalo;0;2;0;0;0;0
zastor za terasu;terasa-balkon;0;1;0;0;0;0
spoljne obloge za zid;ostalo;0;1;0;0;0;0
vinas plocice;ostalo;0;4;0;0;0;1
daske za bazen;bazen;0;1;0;0;0;0
montazna terasa cena;terasa-balkon;0;1;0;0;0;0
flooring;ostalo;0;1;0;0;1;0
letnje terase;terasa-balkon;0;1;0;0;0;0
patio flooring;ostalo;0;1;0;0;1;0
drvene plocice za pod;ostalo;0;2;0;0;0;1
eco wpc deck;ostalo;0;1;0;0;0;0
parketar;lvt-vinil-parket;0;2;0;0;0;0
drvene kocke za pod;ostalo;0;1;0;0;0;1
galerija podova deking;konkurenti;0;1;0;0;1;1
gumene ploce za terasu;terasa-balkon;0;2;0;0;0;0
dekinga;ostalo;0;1;0;0;0;1
ikea kocke za terasu;terasa-balkon;0;1;0;0;0;0
klasen laminati;lvt-vinil-parket;0;1;0;0;0;1
e planeta bastenski namestaj;dvoriste-basta;0;1;0;0;0;0
ideje uredjenje terase;terasa-balkon;0;1;0;0;0;0
deking podovi kragujevac;ostalo;0;1;0;0;0;1
samolepljive plocice za pod;ostalo;0;1;0;0;0;1
uredi terasu;terasa-balkon;0;1;0;0;0;0
balkon podloga;terasa-balkon;0;1;0;0;0;0
vinil tarkett;konkurenti;0;1;0;0;1;0
vanjske podne obloge;ostalo;0;1;0;0;0;0
wpc daska;ostalo;0;3;0;0;0;0
uredjenje male terase u stanu;terasa-balkon;0;1;0;0;0;0
vinil podovi za garazu;garaza-servis;0;4;0;0;0;0
deking daske za ogradu;ostalo;0;1;0;0;0;1
podne ploce;ostalo;0;1;0;0;0;0
deking podovi cene;ostalo;0;1;0;0;0;1
podloge ispod bazena;bazen;0;1;0;0;0;0
baštenski namestaj;dvoriste-basta;0;1;0;0;0;0
podnice za terasu;terasa-balkon;0;2;0;0;0;0
cena dekinga po m2;ostalo;0;1;0;0;0;1
adriatic group parquet;ostalo;0;1;0;0;0;0
deking ploca za terasu;terasa-balkon;0;2;0;0;0;1
maxi katalog bastenski namestaj;dvoriste-basta;0;1;0;0;0;0
maxi bastenski namestaj;dvoriste-basta;0;1;0;0;0;0
vpc deking;ostalo;0;5;0;0;0;1
vpc obloge;ostalo;0;1;0;0;0;0
декинг под;ostalo;0;2;0;0;0;0
kako pokriti terasu slike;terasa-balkon;0;1;0;0;0;0
keramicke plocice za terase;terasa-balkon;0;1;0;0;0;1
kako urediti malu terasu;terasa-balkon;0;1;0;0;0;0
renoviranje terase;terasa-balkon;0;1;0;0;0;0
runnen podna obloga;ostalo;0;1;0;0;0;0
pvc ploce za terasu;terasa-balkon;0;7;0;0;0;0
pvc podloga za terasu;terasa-balkon;0;3;0;0;0;0
terasa;terasa-balkon;0;1;0;0;0;0
terase uredjenje;terasa-balkon;0;1;0;0;0;0
metro katalog bastenski namestaj;dvoriste-basta;0;1;0;0;0;0
sta staviti oko bazena;bazen;0;1;0;0;0;0
debela guma za pod;gumeni-podovi;0;2;0;0;0;0
vinil plocice za pod;lvt-vinil-parket;0;4;0;0;0;1
vinil podovi beograd;lvt-vinil-parket;0;3;0;0;0;0
ideje za uredjenje terase slike;terasa-balkon;0;1;0;0;0;0
tigar gumeni podovi cena;gumeni-podovi;0;2;0;0;0;0
deking daske za terasu;terasa-balkon;0;1;0;0;0;1
deking galerija podova;konkurenti;0;1;0;0;1;1
vinilne podne obloge;lvt-vinil-parket;0;1;0;0;0;0
ariš daske za terase;terasa-balkon;0;1;0;0;0;0
kako se postavlja vinil pod;lvt-vinil-parket;0;2;0;0;0;0
kliklak bastenski namestaj;dvoriste-basta;0;1;0;0;0;0
galerija podova слике;konkurenti;0;1;0;0;1;0
lesnina baštenski nameštaj;dvoriste-basta;0;2;0;0;0;0
poliuretanska smola za podove;epoksid-conquest;0;5;0;0;1;0
ikea podne obloge vanjske;ostalo;0;1;0;0;0;0
ikea podovi za terase;terasa-balkon;0;2;0;0;0;0
podne plocice za garazu cena;garaza-servis;0;7;0;0;0;1
drvene daske za terasu;terasa-balkon;0;1;0;0;0;1
drveni pod za bastu;dvoriste-basta;0;2;0;0;0;1
decking postavljanje;ostalo;0;1;0;0;0;0
decking cena;ostalo;0;6;0;0;0;0
uradi sam topli pod;ostalo;0;1;0;0;1;1
ploce za terase;terasa-balkon;0;3;0;0;0;0
pod oko bazena;bazen;0;4;0;0;0;0
oko bazena;bazen;0;2;0;0;0;0
drvo za bazene;bazen;0;1;0;0;0;0
ikea podna obloga za terasu;terasa-balkon;0;1;0;0;0;0
vinil plocice;lvt-vinil-parket;0;2;0;0;0;1
klipse za deking;ostalo;0;1;0;0;0;1
tarkett lvt;konkurenti;0;1;0;0;1;0
wood decking;ostalo;0;1;0;0;0;0
kompozitni podovi cena;ostalo;0;2;0;0;0;0
tarkett parket;konkurenti;0;1;0;0;1;0
najjeftiniji podovi;ostalo;0;3;0;0;0;0
uradi sam terasa;terasa-balkon;0;1;0;0;0;0
postavljanje wpc podova;ostalo;0;1;0;0;0;0
tara concept;ostalo;0;2;0;0;0;0
što staviti na pod terase;terasa-balkon;0;1;0;0;0;0
samolepljive vinil plocice cena;lvt-vinil-parket;0;1;0;0;0;1
ukrasi za dvoriste uradi sam;dvoriste-basta;0;4;0;0;0;0
podloga za beton;ostalo;0;1;0;0;0;0
terasni podovi;terasa-balkon;0;1;0;0;0;0
podovi za kuhinju;ostalo;0;4;0;0;0;0
pokrivke za bazene;bazen;0;1;0;0;0;0
ograde za dvoriste uradi sam;dvoriste-basta;0;2;0;0;0;0
cvece za suncane terase;terasa-balkon;0;1;0;0;0;0
drvena podloga za bazen;bazen;0;2;0;0;0;1
vinas pločice cena;ostalo;0;5;0;0;0;1
deking pod cena;ostalo;0;1;0;0;0;1
tepih za terasu pepco;terasa-balkon;0;1;0;0;0;0
pod terasa;terasa-balkon;0;2;0;0;0;0
pvc decking;pvc-plastika;0;1;0;0;0;0
oblutak;ostalo;0;1;0;0;0;0
pod laminat;lvt-vinil-parket;0;1;0;0;0;1
ideje za pod na terasi;terasa-balkon;0;3;0;0;0;0
deking podovi слике;ostalo;0;1;0;0;0;1
drvo za oko bazena;bazen;0;1;0;0;0;0
pvc deking;pvc-plastika;0;10;0;0;0;1
brodski pod na terasi;terasa-balkon;0;2;0;0;0;0
prostirka za terasu;terasa-balkon;0;1;0;0;0;0
gerflor podovi;ostalo;0;9;0;0;0;0
postavljanje dekinga na terasu;terasa-balkon;0;1;0;0;0;1
namestaj za male terase;terasa-balkon;0;1;0;0;0;0
ograde za terase;terasa-balkon;0;1;0;0;0;0
montaj deck wpc;ostalo;0;1;0;0;0;0
drveni pod na terasi;terasa-balkon;0;3;0;0;0;1
drveni pod od dasaka;ostalo;0;1;0;0;0;1
tende za terase;terasa-balkon;0;4;0;0;0;0
terrazzo podovi;ostalo;0;1;0;0;0;0
tarkoflex;ostalo;0;1;0;0;0;0
pvc parket;lvt-vinil-parket;0;1;0;0;0;0
runnen ikea balcony;ostalo;0;5;0;0;0;0
deking rs;ostalo;0;2;0;0;0;1
drvena podloga za terase;terasa-balkon;0;1;0;0;0;1
daske za terasu cena;terasa-balkon;0;2;0;0;0;0
topli podovi akcija;ostalo;0;1;0;0;1;1
tarkett group;konkurenti;0;1;0;0;1;0
okapnice za balkone i terase;terasa-balkon;0;3;0;0;0;0
pod nadstresnicom;ostalo;0;1;0;0;0;0
ma terasi;terasa-balkon;0;1;0;0;0;0
laminat za terase;terasa-balkon;0;3;0;0;0;1
letve za terasu;terasa-balkon;0;1;0;0;0;0
terran crep;ostalo;0;2;0;0;0;0
uradi sam;ostalo;0;4;0;0;0;0
postavljanje deking podova;ostalo;0;1;0;0;0;1
podne obloge za bastu;dvoriste-basta;0;4;0;0;0;0
podovi za terase srbija;terasa-balkon;0;5;0;0;0;0
vanjski podovi za terase;terasa-balkon;0;3;0;0;0;0
balkania;ostalo;0;1;0;0;0;0
teodora nadstrešnica;ostalo;0;1;0;0;0;0
okapnice za terase;terasa-balkon;0;3;0;0;0;0
podloga za letnjikovac;terasa-balkon;0;3;0;0;0;0
jeftini podovi;ostalo;0;5;0;0;0;0
klik podloge;ostalo;0;1;0;0;0;0
ikea patio tiles;ostalo;0;1;0;0;0;0
decking podovi cena;ostalo;0;1;0;0;0;0
drvene pločice za terasu;terasa-balkon;0;1;0;0;0;1
vinas deluxe;ostalo;0;1;0;0;0;0
пвц подови;ostalo;0;6;0;0;0;0
pvc pločice za pod;pvc-plastika;0;3;0;0;0;1
gerflor attraction;ostalo;0;1;0;0;0;0
postavljanje vinila u rolni;lvt-vinil-parket;0;3;0;0;0;0
megapod linoleum;konkurenti;0;3;0;0;1;0
modulart 7 tarkett;konkurenti;0;1;0;0;1;0
holkeri;ostalo;0;4;0;0;0;0
antistatički podovi;antistatik-esd;0;5;0;0;0;0
epoxy pod cijena;epoksid-conquest;0;1;0;0;1;0
antas line;brend;0;7;0;0;0;0
epoxy smola za pod;epoksid-conquest;0;2;0;0;1;0
šta je vinil pod;lvt-vinil-parket;0;6;0;0;0;0
podovi za;ostalo;0;3;0;0;0;0
vinil pločice za pod;lvt-vinil-parket;0;1;0;0;0;1
tartan cena za m2;sport-ostalo;0;2;0;0;0;0
epoksan cacak;epoksid-conquest;0;5;0;0;1;0
podovi za stan;ostalo;0;3;0;0;0;0
gerflor affinity;ostalo;0;2;0;0;0;0
masa za pod garaže;garaza-servis;0;4;0;0;0;0
linoleum za podove;lvt-vinil-parket;0;3;0;0;0;0
industrial flooring;industrijski;0;5;0;0;1;0
epoxy za garazu;epoksid-conquest;0;5;0;0;1;0
podovi za igraonice;ostalo;0;10;0;0;0;0
polimerni podovi;ostalo;0;5;0;0;0;0
sjajni podovi;ostalo;0;5;0;0;0;0
id inspiration click solid 55;ostalo;0;1;0;0;0;0
gumena podloga za pod;gumeni-podovi;0;9;0;0;0;0
liveni tartan;sport-ostalo;0;1;0;0;0;0
3 de podovi;ostalo;0;5;0;0;0;0
vinil ploce za pod;lvt-vinil-parket;0;2;0;0;0;0
vinil u kuhinji;lvt-vinil-parket;0;2;0;0;0;0
samoljepljive podne obloge;ostalo;0;8;0;0;0;0
najjeftiniji linoleum;lvt-vinil-parket;0;8;0;0;0;0
pod od smole;ostalo;0;17;0;0;0;0
geofol;ostalo;0;2;0;0;0;0
gumene pločice;gumeni-podovi;0;5;0;0;0;1
durofloor;ostalo;0;1;0;0;0;0
afs doo;ostalo;0;2;0;0;0;0
antistatic floor;antistatik-esd;0;1;0;0;0;0
pvc daske za balkon;terasa-balkon;0;1;0;0;0;0
streebor;ostalo;0;1;0;0;0;0
podovi srbija;ostalo;0;9;0;0;0;0
smola za beton;epoksid-conquest;0;1;0;0;1;0
plocice na terasi;terasa-balkon;0;1;0;0;0;1
decking daske za terasu;terasa-balkon;0;2;0;0;0;0
deking za camce;ostalo;0;2;0;0;0;1
epoksi floor;epoksid-conquest;0;6;0;0;1;0
topli pod akcija;ostalo;0;1;0;0;1;1
industry floor;ostalo;0;3;0;0;0;0
topli pod nis;ostalo;0;1;0;0;1;1
topling podovi;ostalo;0;2;0;0;0;0
sintelon topli pod cena;ostalo;0;7;0;0;1;1
poplocavanje terase;terasa-balkon;0;5;0;0;0;0
runnen;ostalo;0;2;0;0;0;0
epoxy smola za beton;epoksid-conquest;0;1;0;0;1;0
polirani beton;ostalo;0;4;0;0;0;0
epoxy floor cena;epoksid-conquest;0;15;0;0;1;0
epoksi premaz za beton;epoksid-conquest;0;18;0;0;1;0
epoksi smola za podove;epoksid-conquest;0;9;0;0;1;0
ugradnja epoksidnih podova;epoksid-conquest;0;6;0;0;1;0
jysk pod za terasu;konkurenti;0;10;0;0;1;0
gumena podloga za podove;gumeni-podovi;0;4;0;0;0;0
toplipod;ostalo;0;2;0;0;0;0
wpc podovi;ostalo;0;11;0;0;0;0
lvt podne obloge;lvt-vinil-parket;0;9;0;0;0;0
podovi od gume;ostalo;0;17;0;0;0;0
epoxy pod u stanu;epoksid-conquest;0;1;0;0;1;0
nadogradnja terase na kuci;terasa-balkon;0;1;0;0;0;0
cena ferobetona po m2;ostalo;0;4;0;0;1;0
epox podovi;ostalo;0;9;0;0;0;0
daske za terasu akcija;terasa-balkon;0;2;0;0;0;0
3d podovi beograd;ostalo;0;1;0;0;0;0
podovi terase;terasa-balkon;0;1;0;0;0;0
terase;terasa-balkon;0;6;0;0;0;0
podovi za golubove;ostalo;0;1;0;0;0;0
tarkett vinil;konkurenti;0;3;0;0;1;0
nexion;ostalo;0;1;0;0;0;0
deking uradi sam;ostalo;0;2;0;0;0;1
minpro podovi;ostalo;0;2;0;0;0;0
postavljanje plasticnih lajsni za laminat;lvt-vinil-parket;0;1;0;0;0;1
ljuljaske za dvoriste uradi sam;dvoriste-basta;0;5;0;0;0;0
lvt podovi;lvt-vinil-parket;0;5;0;0;0;0
ikea pod terasa;terasa-balkon;0;1;0;0;0;0
drveni pod za dvoriste;dvoriste-basta;0;1;0;0;0;1
drveni podovi za terase;terasa-balkon;0;4;0;0;0;1
podloga cn 94;ostalo;0;1;0;0;0;0
podne obloge ikea;ostalo;0;3;0;0;0;0
pod za terasu ikea;terasa-balkon;0;3;0;0;0;0
plocice za terasu koje se ne klizaju;terasa-balkon;0;3;0;0;0;1
pločice za terasu;terasa-balkon;0;9;0;0;0;1
gumeni pod;gumeni-podovi;0;27;0;0;0;0
alpod near me;ostalo;0;1;0;0;0;0
epoxy smola podovi;epoksid-conquest;0;4;0;0;1;0
topli pod postavljanje;ostalo;0;1;0;0;1;1
zatvaranje terase novi sad;terasa-balkon;0;1;0;0;0;0
decking za terase;terasa-balkon;0;4;0;0;0;0
drvene ploce za terasu;terasa-balkon;0;7;0;0;0;1
decking floor;ostalo;0;1;0;0;0;0
cime obloziti terasu;terasa-balkon;0;7;0;0;0;0
daske za terasu;terasa-balkon;0;16;0;0;0;0
drvo za pod terase;terasa-balkon;0;1;0;0;0;0
dvosed za terasu;terasa-balkon;0;2;0;0;0;0
drvene plocice za terasu;terasa-balkon;0;1;0;0;0;1
cn94;ostalo;0;1;0;0;0;0
deking montaza;ostalo;0;5;0;0;0;1
liveni podovi;ostalo;0;2;0;0;0;0
ljuljaska za dvoriste uradi sam;dvoriste-basta;0;8;0;0;0;0
klupe za dvoriste uradi sam;dvoriste-basta;0;7;0;0;0;0
enmon plocice za terasu;terasa-balkon;0;1;0;0;0;1
jysk podloga za terasu;konkurenti;0;7;0;0;1;0
tarkett near me;konkurenti;0;4;0;0;1;0
wpc decking postavljanje;ostalo;0;11;0;0;0;0
tarket;ostalo;0;27;0;0;0;0
podne obloge uradi sam;ostalo;0;2;0;0;0;0
postavljanje rubnog kamena oko bazena;bazen;0;1;0;0;0;1
ukrasni podovi;ostalo;0;26;0;0;0;0
beki floor;ostalo;0;1;0;0;0;0
pu flooring system;ostalo;0;1;0;0;1;0
epoksi smola za beton cena;epoksid-conquest;0;2;0;0;1;0
lijevani podovi;ostalo;0;1;0;0;0;0
plocice u dvoristu;dvoriste-basta;0;1;0;0;0;1
pod za letnjikovac;terasa-balkon;0;2;0;0;0;0
plasticni podovi za baste;dvoriste-basta;0;8;0;0;0;0
ikea pod za terasu;terasa-balkon;0;4;0;0;0;0
oblaganje terasa;terasa-balkon;0;1;0;0;0;0
epoksi smola za podove cena;epoksid-conquest;0;5;0;0;1;0
pvc plocice za zid;pvc-plastika;0;1;0;0;0;1
uradi sam podloge za terasu;terasa-balkon;0;2;0;0;0;0
terase plocice;terasa-balkon;0;1;0;0;0;1
ukrasni kamen za dvoriste uradi sam;dvoriste-basta;0;7;0;0;0;1
3 d podovi;ostalo;0;5;0;0;0;0
cena 3d podova;ostalo;0;2;0;0;0;0
wpc daske za terase;terasa-balkon;0;1;0;0;0;0
ikea podloga za terasu;terasa-balkon;0;8;0;0;0;0
uradi sam ploce za terasu;terasa-balkon;0;1;0;0;0;0
deking za bazene;bazen;0;6;0;0;0;1
fontane za dvoriste uradi sam;dvoriste-basta;0;15;0;0;0;0
deking podovi montaza;ostalo;0;40;0;0;0;1
pvc plocice;pvc-plastika;0;4;0;0;0;1
cesma za dvoriste uradi sam;dvoriste-basta;0;2;0;0;0;0
ostecen laminat;lvt-vinil-parket;0;1;0;0;0;1
podloga za laminat;lvt-vinil-parket;0;2;0;0;0;1
moderni podovi vinil;lvt-vinil-parket;0;1;0;0;0;0
ikea podna obloga;ostalo;0;2;0;0;0;0
ikea runnen podne obloge;ostalo;0;1;0;0;0;0
podovi za terase uradi sam;terasa-balkon;0;6;0;0;0;0
pvc paneli za pod;pvc-plastika;0;3;0;0;0;0
podne obloge za terase ikea;terasa-balkon;0;4;0;0;0;0
podloge za baste;dvoriste-basta;0;2;0;0;0;0
podna daska;ostalo;0;1;0;0;0;0
balkonske plocice;terasa-balkon;0;1;0;0;0;1
brodski pod;ostalo;0;6;0;0;0;0
izrada fero betona;ostalo;0;6;0;0;0;0
podovi za balkon;terasa-balkon;0;1;0;0;0;0
veštačka trava za dvorište;fudbal-trava;0;1;0;0;0;0
epoksidni podovi uradi sam;epoksid-conquest;0;1;0;0;1;0
ikea ploče za terasu;terasa-balkon;0;1;0;0;0;0
deking za bazen;bazen;0;1;0;0;0;1
crafter podne obloge;ostalo;0;3;0;0;0;0
daske za terase pevex;konkurenti;0;3;0;0;0;1
podovi za letnje baste;dvoriste-basta;0;1;0;0;0;0
runnen podne obloge;ostalo;0;2;0;0;0;0
podoliv;ostalo;0;6;0;0;0;0
podloga za terasu uradi sam;terasa-balkon;0;5;0;0;0;0
podne ploce za dvoriste;dvoriste-basta;0;1;0;0;0;0
staze oko bazena;bazen;0;7;0;0;0;0
taraflex podloga cena;ostalo;0;1;0;0;0;0
sredjivanje terase;terasa-balkon;0;2;0;0;0;0
salovanje terase;terasa-balkon;0;4;0;0;0;0
spc podovi cena;ostalo;0;7;0;0;0;0
jysk podne obloge;konkurenti;0;2;0;0;1;0
na terasi zobra;terasa-balkon;0;4;0;0;0;0
itison za terasu;terasa-balkon;0;3;0;0;0;1
ideje za dvoriste uradi sam;dvoriste-basta;0;2;0;0;0;0
ideje za terase;terasa-balkon;0;1;0;0;0;0
pod od dasaka;ostalo;0;2;0;0;0;0
pod za baste;dvoriste-basta;0;2;0;0;0;0
plasticni podovi mk;pvc-plastika;0;1;0;0;0;0
neklizajuce podloge oko bazena;bazen;0;7;0;0;0;0
parket;lvt-vinil-parket;0;1;0;0;0;0
mekana podloga za dvoriste;dvoriste-basta;0;3;0;0;0;0
obloge za podove;ostalo;0;4;0;0;0;0
levanto max;ostalo;0;1;0;0;0;0
gumeni podovi za dvoriste;dvoriste-basta;0;3;0;0;0;0
ikea runnen;ostalo;0;7;0;0;0;0
podovi za vanjske terase;terasa-balkon;0;3;0;0;0;0
pogled sa terase kale;terasa-balkon;0;1;0;0;0;0
podne obloge za terase beograd;terasa-balkon;0;1;0;0;0;0
plasticne obloge za terase;terasa-balkon;0;3;0;0;0;0
plasticni deking;pvc-plastika;0;2;0;0;0;1
vesic parket;lvt-vinil-parket;0;1;0;0;0;0
cosic podovi;ostalo;0;4;0;0;0;0
tesik;ostalo;0;1;0;0;0;0
tarkett postavljanje;konkurenti;0;1;0;0;1;0
terasa s pogledom na zid;terasa-balkon;0;3;0;0;0;0
deking oko bazena;bazen;0;10;0;0;0;1
drveni pod za terase;terasa-balkon;0;1;0;0;0;1
deking niš;ostalo;0;3;0;0;0;1
daske za bazene;bazen;0;1;0;0;0;0
decking podovi;ostalo;0;3;0;0;0;0
pvc laminat;lvt-vinil-parket;0;1;0;0;0;1
pvc podovi za bazene;bazen;0;1;0;0;0;0
premaz za terasu;terasa-balkon;0;1;0;0;1;0
podne obloge nis;ostalo;0;1;0;0;0;0
pogled sa terase;terasa-balkon;0;5;0;0;0;0
taraflex cena;ostalo;0;2;0;0;0;0
ugradnja vinil podova;lvt-vinil-parket;0;3;0;0;0;0
samolepljivi vinil podne obloge;lvt-vinil-parket;0;1;0;0;0;0
quick step;ostalo;0;2;0;0;0;0
runnen ikea;ostalo;0;2;0;0;0;0
parket za terase;terasa-balkon;0;1;0;0;0;0
pergole;ostalo;0;5;0;0;0;0
obloge za dvoriste;dvoriste-basta;0;3;0;0;0;0
moderne plocice za terase;terasa-balkon;0;2;0;0;0;1
na terasu;terasa-balkon;0;2;0;0;0;0
podloga za terasu ikea;terasa-balkon;0;4;0;0;0;0
podna obloga ikea;ostalo;0;1;0;0;0;0
pločice za terasu enmon;terasa-balkon;0;1;0;0;0;1
plasticne daske za terase;terasa-balkon;0;8;0;0;0;0
plocice za terasu neklizajuce;terasa-balkon;0;4;0;0;0;1
deking za dvoriste;dvoriste-basta;0;7;0;0;0;1
drvene ploče za terase;terasa-balkon;0;1;0;0;0;1
deking postavljanje;ostalo;0;1;0;0;0;1
daske za terase;terasa-balkon;0;6;0;0;0;0
decking za terase cena;terasa-balkon;0;1;0;0;0;0
greenway podovi;ostalo;0;3;0;0;0;0
gumene podloge za terase;terasa-balkon;0;1;0;0;0;0
greenway podne obloge;ostalo;0;1;0;0;0;0
drvene podne obloge za terase;terasa-balkon;0;2;0;0;0;1
dvoriste uradi sam;dvoriste-basta;0;1;0;0;0;0
3d podovi cazin;ostalo;0;1;0;0;0;0
epoksi premaz za beton cena;epoksid-conquest;0;10;0;0;1;0
3d podovi;ostalo;0;5;0;0;0;0
vinil podna obloga;lvt-vinil-parket;0;2;0;0;0;0
wpc decking;ostalo;0;6;0;0;0;0
urethane flooring systems;ostalo;0;3;0;0;1;0
24h na terasi;terasa-balkon;0;4;0;0;0;0
minimalna debljina ferobetona;ostalo;0;1;0;0;1;0
flowcret 3 30 express;ostalo;0;3;0;0;0;0
megapod beograd;konkurenti;0;7;0;0;1;0
industrial flooring types;industrijski;0;1;0;0;1;0
mikrocement izrada;epoksid-conquest;0;1;0;0;0;0
alfa hidroterm;ostalo;0;1;0;0;0;0
najjeftiniji pod;ostalo;0;1;0;0;0;0
pločice za radionicu;radionice;0;2;0;0;0;1
kvalitetni podovi;ostalo;0;1;0;0;0;0
mikro cementni podovi;ostalo;0;2;0;0;0;0
polirani betonski podovi;ostalo;0;1;0;0;1;0
bergo solid;ostalo;0;1;0;0;0;0
gumeni podovi za stale;stale-konji;0;3;0;0;0;0
itison postavljanje;ostalo;0;1;0;0;0;1
samorazlivajući pod;ostalo;0;1;0;0;0;0
подови;ostalo;0;1;0;0;0;0
al pod;ostalo;0;2;0;0;0;0
float5x;ostalo;0;1;0;0;0;0
linoleum pod;lvt-vinil-parket;0;2;0;0;0;0
podguzje;ostalo;0;1;0;0;0;0
gerflor lvt;lvt-vinil-parket;0;1;0;0;0;0
smolasti podovi;epoksid-conquest;0;1;0;0;1;0
tarkett id inspiration 55;konkurenti;0;1;0;0;1;0
liveni podovi beograd;ostalo;0;2;0;0;0;0
plivajuci podovi;ostalo;0;1;0;0;0;0
gerflor flooring;ostalo;0;4;0;0;1;0
interlocking pvc tiles;pvc-plastika;0;1;0;0;0;0
linoleum prodaja;lvt-vinil-parket;0;1;0;0;0;0
3de podovi;ostalo;0;1;0;0;0;0
tekući podovi;ostalo;0;2;0;0;0;0
vinil laminat;lvt-vinil-parket;0;1;0;0;0;1
poliuretanska podloga;epoksid-conquest;0;1;0;0;1;0
vinfleks podovi;ostalo;0;1;0;0;0;0
samoliv;ostalo;0;1;0;0;0;0
vinil za stepenice;lvt-vinil-parket;0;1;0;0;0;0
postavljanje epoksi podova;epoksid-conquest;0;2;0;0;1;0
teraco podovi;ostalo;0;1;0;0;0;1
ecotile flooring;ostalo;0;1;0;0;1;0
crni linoleum;lvt-vinil-parket;0;1;0;0;0;0
epoksidni premaz za podove;epoksid-conquest;0;1;0;0;1;0
феробетон;ostalo;0;1;0;0;0;0
laminat za pod;lvt-vinil-parket;0;1;0;0;0;1
lvs deking;ostalo;0;2;0;0;0;1
gumirana podloga za pod;ostalo;0;1;0;0;0;0
resetkasti pod;ostalo;0;1;0;0;0;0
anti static flooring;ostalo;0;1;0;0;1;0
mega pod rakovica;ostalo;0;1;0;0;1;0
spregovi;ostalo;0;1;0;0;0;0
rinol beograd;konkurenti;0;1;0;0;1;0
vinil ploce cena;lvt-vinil-parket;0;3;0;0;0;0
podni linoleum;lvt-vinil-parket;0;1;0;0;0;0
gerflor mipolam planet;ostalo;0;2;0;0;0;0
microtopping cijena;ostalo;0;2;0;0;0;0
linoleum akcija;lvt-vinil-parket;0;1;0;0;0;0
prodaja podova;ostalo;0;1;0;0;0;0
smolni podovi;ostalo;0;9;0;0;0;0
pod za radionu;radionice;0;2;0;0;0;0
samolepljive podne obloge cena;ostalo;0;3;0;0;0;0
podovi sintelon;ostalo;0;1;0;0;0;0
tartan podloga;sport-ostalo;0;1;0;0;0;0
multifunkcionalne podne obloge;sport-ostalo;0;1;0;0;0;0
terrazzo pod;ostalo;0;1;0;0;0;0
draco floor 510 cena;ostalo;0;1;0;0;0;0
podovi doo;ostalo;0;3;0;0;0;0
podovi od gumenih ploča;gumeni-podovi;0;1;0;0;0;0
gumene podloge;gumeni-podovi;0;3;0;0;0;0
vinil pvc;lvt-vinil-parket;0;3;0;0;0;0
epoxy premaz za pod;epoksid-conquest;0;2;0;0;1;0
pod od drveta;ostalo;0;1;0;0;0;0
vinil u rolnama;lvt-vinil-parket;0;1;0;0;0;0
maxikril akrilni prajmer;ostalo;0;2;0;0;0;0
premaz za pod;ostalo;0;1;0;0;1;0
epoksi podovi cijena;epoksid-conquest;0;4;0;0;1;0
podovi od osb ploča;ostalo;0;3;0;0;0;1
epoxy resin podovi;epoksid-conquest;0;1;0;0;1;0
lvt i spc podovi;lvt-vinil-parket;0;9;0;0;0;0
linoleum kraljevo;lvt-vinil-parket;0;1;0;0;0;0
mega pod doo;ostalo;0;1;0;0;1;0
priprema poda za podno grejanje;ostalo;0;2;0;0;0;0
boja za pod u garaži;garaza-servis;0;2;0;0;0;0
podolit;ostalo;0;1;0;0;0;0
montažne hale od panela;industrijski;0;1;0;0;0;0
vinilni pod;lvt-vinil-parket;0;4;0;0;0;0
industrijski podovi cijena;industrijski;0;3;0;0;0;0
montažni podovi;kontejneri-montazni;0;13;0;0;0;0
granpod;ostalo;0;1;0;0;0;0
sekvoja podovi doo;ostalo;0;1;0;0;0;0
esd podloga;antistatik-esd;0;1;0;0;0;0
epoksidni industrijski podovi;epoksid-conquest;0;3;0;0;1;0
polyurethane industrial flooring;industrijski;0;1;0;0;1;0
anti static vinyl flooring;lvt-vinil-parket;0;1;0;0;1;0
antistatik podloga;antistatik-esd;0;4;0;0;0;0
levelo podovi;ostalo;0;4;0;0;0;0
postavljanje linoleuma;lvt-vinil-parket;0;1;0;0;0;0
vinilski podovi;lvt-vinil-parket;0;3;0;0;0;0
romus;ostalo;0;1;0;0;0;0
brodski pod cena po m2;ostalo;0;2;0;0;0;0
podloga za teretanu cena;teretana;0;1;0;0;0;0
providni podovi;ostalo;0;9;0;0;0;0
industrijski podovi izrada;industrijski;0;1;0;0;0;0
polivinil podne obloge;lvt-vinil-parket;0;2;0;0;0;0
linoleum postavljanje;lvt-vinil-parket;0;1;0;0;0;0
pod za;ostalo;0;3;0;0;0;0
industrijske hale;industrijski;0;2;0;0;0;0
ecotile esd;antistatik-esd;0;4;0;0;0;0
tarkett iq granit sd;konkurenti;0;1;0;0;1;1
sika multiflex;konkurenti;0;2;0;0;1;0
starel plus;ostalo;0;1;0;0;0;0
samolepljivi vinil pod;lvt-vinil-parket;0;1;0;0;0;0
deking cene;ostalo;0;2;0;0;0;1
ikea terasa pod;terasa-balkon;0;1;0;0;0;0
brecoplan;ostalo;0;2;0;0;0;0
industrijski podovi sika;konkurenti;0;2;0;0;1;0
tarkett anti static vinyl;konkurenti;0;3;0;0;1;0
podovi 3d;ostalo;0;1;0;0;0;0
industrijski podovi epod 011;industrijski;0;1;0;0;0;0
anti static floor;ostalo;0;1;0;0;0;0
industrijski pod u stanu;industrijski;0;9;0;0;0;0
gerflor mipolam el5;ostalo;0;3;0;0;0;0
пвц под;ostalo;0;1;0;0;0;0
industrijski podovi u stanu;industrijski;0;1;0;0;0;0
tarkett iq;konkurenti;0;2;0;0;1;0
lvt pod cena;lvt-vinil-parket;0;1;0;0;0;0
samolepljivi laminat;lvt-vinil-parket;0;2;0;0;0;1
koliko kosta epoxy pod;epoksid-conquest;0;2;0;0;1;0
salovanje ploce za garazu;garaza-servis;0;2;0;0;0;0
pvc burkolat;pvc-plastika;0;1;0;0;0;0
paneli za pod;ostalo;0;2;0;0;0;0
flat floor;ostalo;0;1;0;0;0;0
pod od epoksi smole cijena;epoksid-conquest;0;2;0;0;1;0
epoxy pod cijena po kvadratu;epoksid-conquest;0;1;0;0;1;0
montažni pod;kontejneri-montazni;0;3;0;0;0;0
osb ploce za podove;ostalo;0;1;0;0;0;1
epoksi podovi cijena po kvadratu;epoksid-conquest;0;1;0;0;1;0
epoksidni;epoksid-conquest;0;2;0;0;1;0
vinilna podloga;lvt-vinil-parket;0;2;0;0;0;0
betonski podovi vanjski;ostalo;0;1;0;0;1;0
tečni podovi;ostalo;0;4;0;0;1;0
podovi cene;ostalo;0;1;0;0;0;0
liveni pod;ostalo;0;3;0;0;0;0
najjeftinija podna obloga;ostalo;0;2;0;0;0;0
garažne pločice;garaza-servis;0;2;0;0;0;1
graboplast;ostalo;0;1;0;0;0;0
najbolji pod za garazu;garaza-servis;0;2;0;0;0;0
rinol srbija;konkurenti;0;2;0;0;1;0
epoxy za podove cijena;epoksid-conquest;0;2;0;0;1;0
vinil pod za kupatilo;lvt-vinil-parket;0;2;0;0;0;0
vinil topli pod;lvt-vinil-parket;0;2;0;0;1;1
epoxy za podove cena;epoksid-conquest;0;2;0;0;1;0
lentex flooring;ostalo;0;2;0;0;1;0
tarket pod;ostalo;0;1;0;0;0;0
tarkett iq toro;konkurenti;0;2;0;0;1;0
pvc vinil cena;lvt-vinil-parket;0;2;0;0;0;0
podne obloge za kupatilo;ostalo;0;2;0;0;0;0
sika podovi cena;konkurenti;0;1;0;0;1;0
epoksi dekorativni podovi;epoksid-conquest;0;1;0;0;1;0
pod od plute;ostalo;0;1;0;0;0;0
sta su spc podovi;ostalo;0;2;0;0;0;0
gumene podne obloge za garažu;garaza-servis;0;3;0;0;0;0
mondo commercial flooring;ostalo;0;2;0;0;1;0
gumene podloge za garaze;garaza-servis;0;1;0;0;0;0
antistatik laminat;antistatik-esd;0;1;0;0;0;1
gumene ploče za pod;gumeni-podovi;0;2;0;0;0;0
pod od oblica;ostalo;0;1;0;0;0;0
sintelon linoleum;lvt-vinil-parket;0;2;0;0;0;0
topli pod linoleum;lvt-vinil-parket;0;3;0;0;1;1
posip za beton;ostalo;0;1;0;0;0;0
pod;ostalo;0;3;0;0;0;0
podovi od plute cena;ostalo;0;1;0;0;0;0
postavljanje osb ploča na pod;ostalo;0;3;0;0;0;1
pvc podne obloge u roli;pvc-plastika;0;2;0;0;0;0
podne obloge vinil;lvt-vinil-parket;0;6;0;0;0;0
vinilne podloge;lvt-vinil-parket;0;2;0;0;0;0
lvt;lvt-vinil-parket;0;2;0;0;0;0
izrada poda;ostalo;0;2;0;0;0;0
alpod novi beograd;ostalo;0;1;0;0;0;0
monolitni podovi;ostalo;0;1;0;0;0;0
epoksi za pod;epoksid-conquest;0;2;0;0;1;0
kako se radi epoxy pod;epoksid-conquest;0;14;0;0;1;0
epoksidni premazi;epoksid-conquest;0;1;0;0;1;0
holker;ostalo;0;4;0;0;0;0
topli pod cijena;ostalo;0;2;0;0;1;1
gumirane podloge;ostalo;0;1;0;0;0;0
tople podne obloge;ostalo;0;4;0;0;0;0
isomat flowcret 3 30;ostalo;0;2;0;0;0;0
linoleum za pod;lvt-vinil-parket;0;3;0;0;0;0
tarkett toro sc;konkurenti;0;2;0;0;1;0
industrijski park;industrijski;0;1;0;0;0;0
j b a;ostalo;0;1;0;0;0;0
draco floor 510;ostalo;0;1;0;0;0;0
greenway srbija;ostalo;0;2;0;0;0;0
pvc flooring roll;pvc-plastika;0;1;0;0;1;0
svetleci podovi;ostalo;0;1;0;0;0;0
epoks podovi;epoksid-conquest;0;1;0;0;1;0
premium podovi;ostalo;0;3;0;0;0;0
vinil akcija;lvt-vinil-parket;0;2;0;0;0;0
podovi nis;ostalo;0;1;0;0;0;0
zvucna izolacija za pod;ostalo;0;1;0;0;0;0
ceresit c94;ostalo;0;1;0;0;0;0
teraco pod;ostalo;0;1;0;0;0;1
zvučna izolacija poda;ostalo;0;1;0;0;0;0
patos;ostalo;0;1;0;0;0;0
epoxy podloga;epoksid-conquest;0;1;0;0;1;0
mega pod zmaj;ostalo;0;2;0;0;1;0
toro sc tarkett;konkurenti;0;2;0;0;1;0
vinil cena;lvt-vinil-parket;0;3;0;0;0;0
tarkolay;ostalo;0;1;0;0;0;0
tarkett pod;konkurenti;0;1;0;0;1;0
tarkett see;konkurenti;0;1;0;0;1;0
mikrocement na podu;epoksid-conquest;0;1;0;0;0;0
plasticna podloga;pvc-plastika;0;5;0;0;0;0
dekorativni podovi za terase;terasa-balkon;0;2;0;0;0;0
brodski pod cena;ostalo;0;7;0;0;0;0
dekorativni podovi;ostalo;0;10;0;0;0;0
taraflex flooring;ostalo;0;1;0;0;1;0
cane linoleum;lvt-vinil-parket;0;1;0;0;0;0
samoljepljive podne obloge pvc;pvc-plastika;0;2;0;0;0;0
linoleumi;lvt-vinil-parket;0;5;0;0;0;0
plastična podloga;pvc-plastika;0;2;0;0;0;0
mn flooring cena;ostalo;0;2;0;0;1;0
podloga za kosarkaski teren cena;kosarka;0;4;0;0;0;0
isomat flowcret 1 10;ostalo;0;1;0;0;0;0
epoxy za beton;epoksid-conquest;0;4;0;0;1;0
iq surface;ostalo;0;2;0;0;0;0
epoksidni premazi za beton;epoksid-conquest;0;5;0;0;1;0
gumene prostirke za pod;gumeni-podovi;0;19;0;0;0;0
vinil prodaja;lvt-vinil-parket;0;2;0;0;0;0
spc pod;ostalo;0;5;0;0;0;0
uzin utz;ostalo;0;2;0;0;0;0
podni premazi;ostalo;0;2;0;0;1;0
taraflex multi use;ostalo;0;2;0;0;0;0
pod u kupatilu;ostalo;0;1;0;0;0;0
industrial floors and coatings;industrijski;0;2;0;0;0;0
kompozitni pod;ostalo;0;15;0;0;0;0
ceresit cn69;ostalo;0;1;0;0;0;0
flooring for industrial buildings;industrijski;0;2;0;0;1;0
alpod;ostalo;0;13;0;0;0;0
podne obloge za podrum;ostalo;0;4;0;0;0;0
podovi od epoksidne smole;epoksid-conquest;0;19;0;0;1;0
podovi za kupatilo;ostalo;0;3;0;0;0;0
sinteticke podne obloge;ostalo;0;2;0;0;0;0
podovi epoksi;epoksid-conquest;0;3;0;0;1;0
industrial plastic flooring;industrijski;0;1;0;0;1;0
izravnavajući podovi;ostalo;0;2;0;0;0;0
loose lay vinil;lvt-vinil-parket;0;2;0;0;0;0
tartan ploce cena;sport-ostalo;0;1;0;0;0;0
izopod;ostalo;0;1;0;0;0;0
betonski podovi u stanu;ostalo;0;2;0;0;1;0
epoxidni pod;epoksid-conquest;0;2;0;0;1;0
protan elmark;ostalo;0;1;0;0;0;0
pvc podovi akcija;pvc-plastika;0;3;0;0;0;0
podivi;ostalo;0;2;0;0;0;0
industrijski premazi za podove;industrijski;0;8;0;0;1;0
industrijski otiraci;industrijski;0;2;0;0;0;0
antas line doo;brend;0;1;0;0;0;0
commercial vinyl flooring;lvt-vinil-parket;0;1;0;0;1;0
vanjski podovi;ostalo;0;2;0;0;0;0
pravljenje hale;industrijski;0;1;0;0;0;0
premaz za pod u garaži;garaza-servis;0;4;0;0;1;0
plasticne podloge;pvc-plastika;0;9;0;0;0;0
podovi na terasama;terasa-balkon;0;2;0;0;0;0
gumena prostirka za pod;gumeni-podovi;0;1;0;0;0;0
ecotile ploce cena;ostalo;0;1;0;0;0;0
epoxy industrijski podovi;epoksid-conquest;0;18;0;0;1;0
vinas pločice;ostalo;0;2;0;0;0;1
gumirana podloga;ostalo;0;1;0;0;0;0
podobi;ostalo;0;2;0;0;0;0
heterogeni pvc podovi;pvc-plastika;0;2;0;0;0;0
podloga za spc podove;ostalo;0;2;0;0;0;0
pvc podovi linoleum;lvt-vinil-parket;0;2;0;0;0;0
gumene podloge za teretanu;teretana;0;1;0;0;0;0
dupli pod cena;ostalo;0;4;0;0;0;0
podovi novi sad;ostalo;0;6;0;0;0;0
woodmaster;ostalo;0;1;0;0;0;0
plasticne kocke za pod;pvc-plastika;0;4;0;0;0;0
plastične rešetke za pod;parking-staze;0;1;0;0;0;0
commercial grade vinyl flooring for restaurants;lvt-vinil-parket;0;2;0;0;1;0
vinil u rolni;lvt-vinil-parket;0;1;0;0;0;0
zavrsni sloj za beton;ostalo;0;1;0;0;0;0
target podovi;ostalo;0;1;0;0;0;0
epoksi podovi cene;epoksid-conquest;0;2;0;0;1;0
commercial flooring distributors;ostalo;0;1;0;0;1;0
podloga za parking;parking-staze;0;5;0;0;0;0
podseti me;ostalo;0;6;0;0;0;0
modularne podne obloge;ostalo;0;5;0;0;0;0
podloga za epoksidni pod;epoksid-conquest;0;9;0;0;1;0
betoniranje poda;ostalo;0;1;0;0;0;0
mapei podovi;ostalo;0;1;0;0;0;0
spc podovi postavljanje;ostalo;0;5;0;0;0;0
pvc panel za pod;pvc-plastika;0;2;0;0;0;0
commercial flooring systems;ostalo;0;1;0;0;1;0
pvc linoleum;lvt-vinil-parket;0;1;0;0;0;0
tenzo;ostalo;0;16;0;0;0;0
kvarcna podloga;ostalo;0;1;0;0;0;0
holkeri za podove;ostalo;0;3;0;0;0;0
pu podovi;ostalo;0;2;0;0;0;0
podovi za balkone;terasa-balkon;0;1;0;0;0;0
i pod cene;ostalo;0;2;0;0;0;0
maxima samoliv;ostalo;0;1;0;0;0;0
mipolam technic el5;ostalo;0;1;0;0;0;0
drveni pod;ostalo;0;2;0;0;0;1
pod master;ostalo;0;1;0;0;0;0
gerom;ostalo;0;1;0;0;0;0
iq toro sc;ostalo;0;1;0;0;0;0
guma za podove;gumeni-podovi;0;7;0;0;0;0
ibotac click;konkurenti;0;1;0;0;1;0
epoksid pod;epoksid-conquest;0;3;0;0;1;0
postavljanje lvt poda;lvt-vinil-parket;0;2;0;0;0;0
deking ploce za terasu;terasa-balkon;0;10;0;0;0;1
композитни подови;ostalo;0;1;0;0;0;0
gerflor powergame;ostalo;0;1;0;0;0;0
podne obloge kupujemprodajem;konkurenti;0;2;0;0;1;0
podovi za kuću;ostalo;0;2;0;0;0;0
pod od;ostalo;0;1;0;0;0;0
dizajn ploce za pod;ostalo;0;1;0;0;0;0
bergo ultimate;ostalo;0;1;0;0;0;0
postavljanje vinila na pod;lvt-vinil-parket;0;1;0;0;0;0
industrial floor concrete;industrijski;0;1;0;0;0;0
industrial metal floor;industrijski;0;1;0;0;0;0
comflor;ostalo;0;2;0;0;0;0
plastične podloge;pvc-plastika;0;1;0;0;0;0
bergo podloga;ostalo;0;2;0;0;0;0
podovi od linoleuma;lvt-vinil-parket;0;4;0;0;0;0
schnell podovi;ostalo;0;7;0;0;0;0
